date,racialGroup,percentageOfCases,percentageOfHospitalized,percentageOfDeaths,percentOfCountyPopulation
2020-04-05T20:54:57.732Z,American Indian or Alaska Native,null,1%,null,0.4%
2020-04-05T20:54:57.732Z,Asian,null,3%,null,9.7%
2020-04-05T20:54:57.732Z,Black or African American,null,51%,null,12.3%
2020-04-05T20:54:57.732Z,Native Hawaiian or Other Pacific Islander,null,1%,null,0.1%
2020-04-05T20:54:57.732Z,White,null,41%,null,74.1%
2020-04-05T20:54:57.732Z,Unknown,null,3%,null,null
2020-04-06T04:00:00.000Z,American Indian or Alaska Native,null,1%,null,0.4%
2020-04-06T04:00:00.000Z,Asian,null,3%,null,9.7%
2020-04-06T04:00:00.000Z,Black or African American,null,49%,null,12.3%
2020-04-06T04:00:00.000Z,Native Hawaiian or Other Pacific Islander,null,1%,null,0.1%
2020-04-06T04:00:00.000Z,White,null,41%,null,74.1%
2020-04-06T04:00:00.000Z,Unknown,null,4%,null,null
2020-04-07T04:00:00.000Z,American Indian or Alaska Native,null,1%,null,0.4%
2020-04-07T04:00:00.000Z,Asian,null,3%,null,9.7%
2020-04-07T04:00:00.000Z,Black or African American,null,41%,null,12.3%
2020-04-07T04:00:00.000Z,Native Hawaiian or Other Pacific Islander,null,1%,null,0.1%
2020-04-07T04:00:00.000Z,White,null,36%,null,74.1%
2020-04-07T04:00:00.000Z,Unknown,null,3%,null,null
2020-04-08T04:00:00.000Z,American Indian or Alaska Native,null,1%,null,0.4%
2020-04-08T04:00:00.000Z,Asian,null,4%,null,9.7%
2020-04-08T04:00:00.000Z,Black or African American,null,49%,null,12.3%
2020-04-08T04:00:00.000Z,Native Hawaiian or Other Pacific Islander,null,1%,null,0.1%
2020-04-08T04:00:00.000Z,White,null,43%,null,74.1%
2020-04-08T04:00:00.000Z,Unknown,null,3%,null,null
2020-04-09T04:00:00.000Z,American Indian or Alaska Native,null,1%,null,0.4%
2020-04-09T04:00:00.000Z,Asian,null,4%,null,9.7%
2020-04-09T04:00:00.000Z,Black or African American,null,48%,null,12.3%
2020-04-09T04:00:00.000Z,Native Hawaiian or Other Pacific Islander,null,1%,null,0.1%
2020-04-09T04:00:00.000Z,White,null,43%,null,74.1%
2020-04-09T04:00:00.000Z,Unknown,null,3%,null,null
2020-04-10T04:00:00.000Z,American Indian or Alaska Native,null,1%,null,0.4%
2020-04-10T04:00:00.000Z,Asian,null,4%,null,9.7%
2020-04-10T04:00:00.000Z,Black or African American,null,48%,null,12.3%
2020-04-10T04:00:00.000Z,Native Hawaiian or Other Pacific Islander,null,1%,null,0.1%
2020-04-10T04:00:00.000Z,White,null,43%,null,74.1%
2020-04-10T04:00:00.000Z,Unknown,null,4%,null,null
2020-04-11T04:00:00.000Z,Asian,null,5%,null,9.7%
2020-04-11T04:00:00.000Z,Black or African American,null,48%,null,12.3%
2020-04-11T04:00:00.000Z,Native Hawaiian or Other Pacific Islander,null,1%,null,0.1%
2020-04-11T04:00:00.000Z,White,null,43%,null,74.1%
2020-04-11T04:00:00.000Z,Unknown,null,3%,null,null
2020-04-13T04:00:00.000Z,Asian,null,4%,null,9.7%
2020-04-13T04:00:00.000Z,Black or African American,null,49%,null,12.3%
2020-04-13T04:00:00.000Z,Native Hawaiian or Other Pacific Islander,null,1%,null,0.1%
2020-04-13T04:00:00.000Z,White,null,43%,null,74.1%
2020-04-13T04:00:00.000Z,Unknown,null,3%,null,null
2020-04-14T04:00:00.000Z,Asian,null,4%,null,9.7%
2020-04-14T04:00:00.000Z,Black or African American,null,47%,null,12.3%
2020-04-14T04:00:00.000Z,Native Hawaiian or Other Pacific Islander,null,1%,null,0.1%
2020-04-14T04:00:00.000Z,White,null,45%,null,74.1%
2020-04-14T04:00:00.000Z,Unknown,null,3%,null,null
2020-04-15T04:00:00.000Z,Asian,null,4%,null,9.7%
2020-04-15T04:00:00.000Z,Black or African American,null,46%,null,12.3%
2020-04-15T04:00:00.000Z,Native Hawaiian or Other Pacific Islander,null,1%,null,0.1%
2020-04-15T04:00:00.000Z,White,null,46%,null,74.1%
2020-04-15T04:00:00.000Z,Unknown,null,3%,null,null
2020-04-16T04:00:00.000Z,America Indian or Alaska Native,null,0%,null,0.4%
2020-04-16T04:00:00.000Z,Asian,null,4%,null,9.7%
2020-04-16T04:00:00.000Z,Black or African American,null,46%,null,12.3%
2020-04-16T04:00:00.000Z,Native Hawaiian or Other Pacific Islander,null,1%,null,0.1%
2020-04-16T04:00:00.000Z,White,null,47%,null,74.1%
2020-04-16T04:00:00.000Z,Unknown,null,3%,null,null
2020-04-17T04:00:00.000Z,America Indian or Alaska Native,null,0%,null,0.4%
2020-04-17T04:00:00.000Z,Asian,null,4%,null,9.7%
2020-04-17T04:00:00.000Z,Black or African American,null,45%,null,12.3%
2020-04-17T04:00:00.000Z,Native Hawaiian or Other Pacific Islander,null,1%,null,0.1%
2020-04-17T04:00:00.000Z,White,null,47%,null,74.1%
2020-04-17T04:00:00.000Z,Unknown,null,3%,null,null
2020-04-18T04:00:00.000Z,American Indian or Alaska Native,null,0%,null,0.4%
2020-04-18T04:00:00.000Z,Asian,null,4%,null,9.7%
2020-04-18T04:00:00.000Z,Black or African American,null,45%,null,12.3%
2020-04-18T04:00:00.000Z,Native Hawaiian or Other Pacific Islander,null,1%,null,0.1%
2020-04-18T04:00:00.000Z,White,null,48%,null,74.1%
2020-04-18T04:00:00.000Z,Unknown,null,3%,null,null
2020-04-20T04:00:00.000Z,Am. Indian or Alaska Native,null,0%,null,0.4%
2020-04-20T04:00:00.000Z,Asian,null,4%,null,9.7%
2020-04-20T04:00:00.000Z,Black or African American,null,45%,null,12.3%
2020-04-20T04:00:00.000Z,Native Hawaiian or Pac. Islander,null,<1%,null,0.1%
2020-04-20T04:00:00.000Z,White,null,47%,null,74.1%
2020-04-20T04:00:00.000Z,Unknown,null,3%,null,null
2020-04-21T04:00:00.000Z,Am. Indian or Alaska Native,<1%,0%,0%,0.4%
2020-04-21T04:00:00.000Z,Asian,3%,4%,0%,9.7%
2020-04-21T04:00:00.000Z,Black or African American,37%,45%,24%,12.3%
2020-04-21T04:00:00.000Z,Native Hawaiian or Pac. Islander,<1%,<1%,5%,0.1%
2020-04-21T04:00:00.000Z,White,53%,48%,71%,74.1%
2020-04-21T04:00:00.000Z,Unknown,6%,3%,0%,null
2020-04-21T04:00:00.000Z,,,,,
2020-04-21T04:00:00.000Z,Hispanic or Latino (all races),3%,2%,5%,4.8%
2020-04-22T04:00:00.000Z,Am. Indian or Alaska Native,<1%,0%,0%,0.4%
2020-04-22T04:00:00.000Z,Asian,4%,4%,0%,9.7%
2020-04-22T04:00:00.000Z,Black or African American,37%,44%,24%,12.3%
2020-04-22T04:00:00.000Z,Native Hawaiian or Pac. Islander,<1%,<1%,5%,0.1%
2020-04-22T04:00:00.000Z,White,53%,49%,71%,74.1%
2020-04-22T04:00:00.000Z,Unknown,6%,3%,0%,
2020-04-22T04:00:00.000Z,,,,,
2020-04-22T04:00:00.000Z,Hispanic or Latino (all races),3%,2%,5%,4.8%
2020-04-23T04:00:00.000Z,Am. Indian or Alaska Native,<1%,0%,0%,0.4%
2020-04-23T04:00:00.000Z,Asian,4%,4%,0%,9.7%
2020-04-23T04:00:00.000Z,Black or African American,37%,43%,24%,12.3%
2020-04-23T04:00:00.000Z,Native Hawaiian or Pac. Islander,<1%,<1%,5%,0.1%
2020-04-23T04:00:00.000Z,White,53%,49%,71%,74.1%
2020-04-23T04:00:00.000Z,Unknown,6%,3%,0%,
2020-04-23T04:00:00.000Z,,,,,
2020-04-23T04:00:00.000Z,Hispanic or Latino (all races),3%,2%,5%,4.8%
2020-04-24T04:00:00.000Z,Am. Indian or Alaska Native,<1%,0%,0%,0.4%
2020-04-24T04:00:00.000Z,Asian,4%,4%,2%,9.7%
2020-04-24T04:00:00.000Z,Black or African American,36%,43%,26%,12.3%
2020-04-24T04:00:00.000Z,Native Hawaiian or Pac. Islander,<1%,<1%,4%,0.1%
2020-04-24T04:00:00.000Z,White,54%,50%,68%,74.1%
2020-04-24T04:00:00.000Z,Unknown,6%,3%,0%,
2020-04-24T04:00:00.000Z,,,,,
2020-04-24T04:00:00.000Z,Hispanic or Latino (all races),3%,2%,4%,4.8%
2020-04-25T04:00:00.000Z,Am. Indian or Alaska Native,<1%,0%,0%,0.4%
2020-04-25T04:00:00.000Z,Asian,4%,4%,2%,9.7%
2020-04-25T04:00:00.000Z,Black or African American,36%,43%,26%,12.3%
2020-04-25T04:00:00.000Z,Native Hawaiian or Pac. Islander,<1%,<1%,4%,0.1%
2020-04-25T04:00:00.000Z,White,54%,50%,68%,74.1%
2020-04-25T04:00:00.000Z,Unknown,6%,2%,0%,
2020-04-25T04:00:00.000Z,,,,,
2020-04-25T04:00:00.000Z,Hispanic or Latino (all races),3%,2%,4%,4.8%
2020-04-27T04:00:00.000Z,Am. Indian or Alaska Native,<1%,0%,0%,0.4%
2020-04-27T04:00:00.000Z,Asian,4%,4%,2%,9.7%
2020-04-27T04:00:00.000Z,Black or African American,36%,43%,29%,12.3%
2020-04-27T04:00:00.000Z,Native Hawaiian or Pac. Islander,<1%,<1%,4%,0.1%
2020-04-27T04:00:00.000Z,White,54%,49%,64%,74.1%
2020-04-27T04:00:00.000Z,Unknown,6%,3%,0%,
2020-04-27T04:00:00.000Z,,,,,
2020-04-27T04:00:00.000Z,Hispanic or Latino (all races),3%,2%,4%,4.8%
2020-04-28T04:00:00.000Z,Am. Indian or Alaska Native,<1%,0%,0%,0.4%
2020-04-28T04:00:00.000Z,Asian,4%,5%,2%,9.7%
2020-04-28T04:00:00.000Z,Black or African American,35%,43%,29%,12.3%
2020-04-28T04:00:00.000Z,Native Hawaiian or Pac. Islander,<1%,<1%,4%,0.1%
2020-04-28T04:00:00.000Z,White,55%,49%,66%,74.1%
2020-04-28T04:00:00.000Z,Unknown,6%,3%,0%,
2020-04-28T04:00:00.000Z,,,,,
2020-04-28T04:00:00.000Z,Hispanic or Latino (all races),3%,2%,4%,4.8%
2020-04-29T04:00:00.000Z,Am. Indian or Alaska Native,<1%,0%,0%,0.4%
2020-04-29T04:00:00.000Z,Asian,4%,5%,2%,9.7%
2020-04-29T04:00:00.000Z,Black or African American,35%,43%,27%,12.3%
2020-04-29T04:00:00.000Z,Native Hawaiian or Pac. Islander,<1%,<1%,3%,0.1%
2020-04-29T04:00:00.000Z,White,55%,49%,68%,74.1%
2020-04-29T04:00:00.000Z,Unknown,6%,3%,0%,
2020-04-29T04:00:00.000Z,,,,,
2020-04-29T04:00:00.000Z,Hispanic or Latino (all races),3%,2%,3%,4.8%
2020-04-30T04:00:00.000Z,Am. Indian or Alaska Native,<1%,0%,0%,0.4%
2020-04-30T04:00:00.000Z,Asian,4%,5%,2%,9.7%
2020-04-30T04:00:00.000Z,Black or African American,35%,42%,28%,12.3%
2020-04-30T04:00:00.000Z,Native Hawaiian or Pac. Islander,<1%,<1%,3%,0.1%
2020-04-30T04:00:00.000Z,White,55%,50%,67%,74.1%
2020-04-30T04:00:00.000Z,Unknown,6%,3%,0%,
2020-04-30T04:00:00.000Z,,,,,
2020-04-30T04:00:00.000Z,Hispanic or Latino (all races),3%,3%,3%,4.8%
2020-05-01T04:00:00.000Z,Am. Indian or Alaska Native,<1%,0%,0%,0.4%
2020-05-01T04:00:00.000Z,Asian,4%,5%,2%,9.7%
2020-05-01T04:00:00.000Z,Black or African American,35%,43%,28%,12.3%
2020-05-01T04:00:00.000Z,Native Hawaiian or Pac. Islander,<1%,<1%,3%,0.1%
2020-05-01T04:00:00.000Z,White,55%,49%,67%,74.1%
2020-05-01T04:00:00.000Z,Unknown,6%,3%,0%,
2020-05-01T04:00:00.000Z,,,,,
2020-05-01T04:00:00.000Z,Hispanic or Latino (all races),3%,2%,3%,4.8%
2020-05-04T04:00:00.000Z,Am. Indian or Alaska Native,<1%,0%,0%,0.4%
2020-05-04T04:00:00.000Z,Asian,4%,5%,1%,9.7%
2020-05-04T04:00:00.000Z,Black or African American,35%,43%,28%,12.3%
2020-05-04T04:00:00.000Z,Native Hawaiian or Pac. Islander,<1%,<1%,3%,0.1%
2020-05-04T04:00:00.000Z,White,55%,49%,68%,74.1%
2020-05-04T04:00:00.000Z,Unknown,6%,3%,0%,
2020-05-04T04:00:00.000Z,,,,,
2020-05-04T04:00:00.000Z,Hispanic or Latino (all races),3%,2%,3%,4.8%
2020-05-05T04:00:00.000Z,Am. Indian or Alaska Native,<1%,0%,0%,0.4%
2020-05-05T04:00:00.000Z,Asian,4%,5%,1%,9.7%
2020-05-05T04:00:00.000Z,Black or African American,35%,43%,28%,12.3%
2020-05-05T04:00:00.000Z,Native Hawaiian or Pac. Islander,<1%,<1%,3%,0.1%
2020-05-05T04:00:00.000Z,White,55%,49%,68%,74.1%
2020-05-05T04:00:00.000Z,Unknown,6%,3%,0%,
2020-05-05T04:00:00.000Z,,,,,
2020-05-05T04:00:00.000Z,Hispanic or Latino (all races),3%,2%,3%,4.8%
2020-05-06T04:00:00.000Z,Am. Indian or Alaska Native,<1%,0%,0%,0.4%
2020-05-06T04:00:00.000Z,Asian,4%,5%,1%,9.7%
2020-05-06T04:00:00.000Z,Black or African American,35%,42%,27%,12.3%
2020-05-06T04:00:00.000Z,Native Hawaiian or Pac. Islander,<1%,<1%,3%,0.1%
2020-05-06T04:00:00.000Z,White,55%,49%,69%,74.1%
2020-05-06T04:00:00.000Z,Unknown,6%,3%,0%,
2020-05-06T04:00:00.000Z,,,,,
2020-05-06T04:00:00.000Z,Hispanic or Latino (all races),3%,2%,3%,4.8%
2020-05-07T04:00:00.000Z,Am. Indian or Alaska Native,<1%,0%,0%,0.4%
2020-05-07T04:00:00.000Z,Asian,4%,5%,1%,9.7%
2020-05-07T04:00:00.000Z,Black or African American,35%,43%,27%,12.3%
2020-05-07T04:00:00.000Z,Native Hawaiian or Pac. Islander,<1%,<1%,3%,0.1%
2020-05-07T04:00:00.000Z,White,55%,49%,69%,74.1%
2020-05-07T04:00:00.000Z,Unknown,6%,3%,0%,
2020-05-07T04:00:00.000Z,,,,,
2020-05-07T04:00:00.000Z,Hispanic or Latino (all races),3%,2%,3%,4.8%
2020-05-08T04:00:00.000Z,Am. Indian or Alaska Native,<1%,0%,0%,0.4%
2020-05-08T04:00:00.000Z,Asian,4%,5%,1%,9.7%
2020-05-08T04:00:00.000Z,Black or African American,34%,43%,28%,12.3%
2020-05-08T04:00:00.000Z,Native Hawaiian or Pac. Islander,<1%,<1%,3%,0.1%
2020-05-08T04:00:00.000Z,White,55%,49%,69%,74.1%
2020-05-08T04:00:00.000Z,Unknown,7%,3%,0%,
2020-05-08T04:00:00.000Z,,,,,
2020-05-08T04:00:00.000Z,Hispanic or Latino (all races),3%,2%,3%,4.8%
2020-05-11T04:00:00.000Z,Am. Indian or Alaska Native,<1%,0%,0%,0.4%
2020-05-11T04:00:00.000Z,Asian,4%,4%,1%,9.7%
2020-05-11T04:00:00.000Z,Black or African American,34%,42%,27%,12.3%
2020-05-11T04:00:00.000Z,Native Hawaiian or Pac. Islander,<1%,<1%,3%,0.1%
2020-05-11T04:00:00.000Z,White,55%,50%,69%,74.1%
2020-05-11T04:00:00.000Z,Unknown,7%,3%,0%,
2020-05-11T04:00:00.000Z,,,,,
2020-05-11T04:00:00.000Z,Hispanic or Latino (all races),3%,2%,2%,4.8%
2020-05-12T04:00:00.000Z,Am. Indian or Alaska Native,<1%,0%,0%,0.4%
2020-05-12T04:00:00.000Z,Asian,4%,4%,1%,9.7%
2020-05-12T04:00:00.000Z,Black or African American,35%,42%,27%,12.3%
2020-05-12T04:00:00.000Z,Native Hawaiian or Pac. Islander,<1%,<1%,2%,0.1%
2020-05-12T04:00:00.000Z,White,55%,50%,70%,74.1%
2020-05-12T04:00:00.000Z,Unknown,6%,3%,0%,
2020-05-12T04:00:00.000Z,,,,,
2020-05-12T04:00:00.000Z,Hispanic or Latino (all races),3%,2%,2%,4.8%
2020-05-13T04:00:00.000Z,Am. Indian or Alaska Native,<1%,0%,0%,0.4%
2020-05-13T04:00:00.000Z,Asian,4%,4%,1%,9.7%
2020-05-13T04:00:00.000Z,Black or African American,35%,42%,26%,12.3%
2020-05-13T04:00:00.000Z,Native Hawaiian or Pac. Islander,<1%,<1%,2%,0.1%
2020-05-13T04:00:00.000Z,White,55%,50%,70%,74.1%
2020-05-13T04:00:00.000Z,Unknown,6%,3%,0%,
2020-05-13T04:00:00.000Z,,,,,
2020-05-13T04:00:00.000Z,Hispanic or Latino (all races),3%,2%,2%,4.8%
2020-05-14T04:00:00.000Z,Am. Indian or Alaska Native,<1%,0%,0%,0.4%
2020-05-14T04:00:00.000Z,Asian,4%,4%,1%,9.7%
2020-05-14T04:00:00.000Z,Black or African American,35%,42%,27%,12.3%
2020-05-14T04:00:00.000Z,Native Hawaiian or Pac. Islander,<1%,<1%,2%,0.1%
2020-05-14T04:00:00.000Z,White,55%,50%,70%,74.1%
2020-05-14T04:00:00.000Z,Unknown,6%,3%,0%,
2020-05-14T04:00:00.000Z,,,,,
2020-05-14T04:00:00.000Z,Hispanic or Latino (all races),3%,2%,2%,4.8%
2020-05-15T04:00:00.000Z,Am. Indian or Alaska Native,<1%,0%,0%,0.4%
2020-05-15T04:00:00.000Z,Asian,4%,4%,1%,9.7%
2020-05-15T04:00:00.000Z,Black or African American,34%,42%,28%,12.3%
2020-05-15T04:00:00.000Z,Native Hawaiian or Pac. Islander,<1%,<1%,2%,0.1%
2020-05-15T04:00:00.000Z,White,56%,50%,69%,74.1%
2020-05-15T04:00:00.000Z,Unknown,6%,3%,0%,
2020-05-15T04:00:00.000Z,,,,,
2020-05-15T04:00:00.000Z,Hispanic or Latino (all races),3%,2%,2%,4.8%
2020-05-18T04:00:00.000Z,Am. Indian or Alaska Native,<1%,0%,0%,0.4%
2020-05-18T04:00:00.000Z,Asian,4%,4%,1%,9.7%
2020-05-18T04:00:00.000Z,Black or African American,35%,42%,28%,12.3%
2020-05-18T04:00:00.000Z,Native Hawaiian or Pac. Islander,<1%,<1%,2%,0.1%
2020-05-18T04:00:00.000Z,White,56%,50%,69%,74.1%
2020-05-18T04:00:00.000Z,Unknown,6%,3%,0%,
2020-05-18T04:00:00.000Z,,,,,
2020-05-18T04:00:00.000Z,Hispanic or Latino (all races),2%,2%,2%,4.8%
2020-05-19T04:00:00.000Z,Am. Indian or Alaska Native,<1%,0%,0%,0.4%
2020-05-19T04:00:00.000Z,Asian,4%,4%,1%,9.7%
2020-05-19T04:00:00.000Z,Black or African American,34%,42%,28%,12.3%
2020-05-19T04:00:00.000Z,Native Hawaiian or Pac. Islander,<1%,<1%,2%,0.1%
2020-05-19T04:00:00.000Z,White,56%,50%,69%,74.1%
2020-05-19T04:00:00.000Z,Unknown,6%,3%,0%,
2020-05-19T04:00:00.000Z,,,,,
2020-05-19T04:00:00.000Z,Hispanic or Latino (all races),2%,2%,2%,4.8%
2020-05-20T04:00:00.000Z,Am. Indian or Alaska Native,<1%,0%,0%,0.4%
2020-05-20T04:00:00.000Z,Asian,4%,4%,1%,9.7%
2020-05-20T04:00:00.000Z,Black or African American,34%,42%,28%,12.3%
2020-05-20T04:00:00.000Z,Native Hawaiian or Pac. Islander,<1%,<1%,2%,0.1%
2020-05-20T04:00:00.000Z,White,56%,50%,69%,74.1%
2020-05-20T04:00:00.000Z,Unknown,6%,3%,0%,
2020-05-20T04:00:00.000Z,,,,,
2020-05-20T04:00:00.000Z,Hispanic or Latino (all races),2%,2%,2%,4.8%
2020-05-21T04:00:00.000Z,Am. Indian or Alaska Native,<1%,0%,0%,0.4%
2020-05-21T04:00:00.000Z,Asian,4%,4%,1%,9.7%
2020-05-21T04:00:00.000Z,Black or African American,34%,42%,28%,12.3%
2020-05-21T04:00:00.000Z,Native Hawaiian or Pac. Islander,<1%,<1%,2%,0.1%
2020-05-21T04:00:00.000Z,White,56%,51%,68%,74.1%
2020-05-21T04:00:00.000Z,Unknown,6%,3%,0%,
2020-05-21T04:00:00.000Z,,,,,
2020-05-21T04:00:00.000Z,Hispanic or Latino (all races),2%,2%,2%,4.8%
2020-05-22T04:00:00.000Z,Am. Indian or Alaska Native,<1%,0%,0%,0.4%
2020-05-22T04:00:00.000Z,Asian,4%,4%,1%,9.7%
2020-05-22T04:00:00.000Z,Black or African American,34%,42%,28%,12.3%
2020-05-22T04:00:00.000Z,Native Hawaiian or Pac. Islander,<1%,<1%,2%,0.1%
2020-05-22T04:00:00.000Z,White,56%,51%,68%,74.1%
2020-05-22T04:00:00.000Z,Unknown,6%,3%,0%,
2020-05-22T04:00:00.000Z,,,,,
2020-05-22T04:00:00.000Z,Hispanic or Latino (all races),2%,2%,2%,4.8%
2020-05-26T04:00:00.000Z,Am. Indian or Alaska Native,<1%,0%,0%,0.4%
2020-05-26T04:00:00.000Z,Asian,4%,4%,1%,9.7%
2020-05-26T04:00:00.000Z,Black or African American,34%,41%,28%,12.3%
2020-05-26T04:00:00.000Z,Native Hawaiian or Pac. Islander,<1%,<1%,2%,0.1%
2020-05-26T04:00:00.000Z,White,56%,51%,68%,74.1%
2020-05-26T04:00:00.000Z,Unknown,6%,3%,0%,
2020-05-26T04:00:00.000Z,,,,,
2020-05-26T04:00:00.000Z,Hispanic or Latino (all races),3%,2%,2%,4.8%
2020-05-27T04:00:00.000Z,Am. Indian or Alaska Native,<1%,0%,0%,0.4%
2020-05-27T04:00:00.000Z,Asian,4%,4%,1%,9.7%
2020-05-27T04:00:00.000Z,Black or African American,34%,41%,29%,12.3%
2020-05-27T04:00:00.000Z,Native Hawaiian or Pac. Islander,<1%,<1%,2%,0.1%
2020-05-27T04:00:00.000Z,White,56%,52%,68%,74.1%
2020-05-27T04:00:00.000Z,Unknown,6%,3%,0%,
2020-05-27T04:00:00.000Z,,,,,
2020-05-27T04:00:00.000Z,Hispanic or Latino (all races),2%,2%,2%,4.8%
2020-05-28T04:00:00.000Z,Am. Indian or Alaska Native,<1%,0%,0%,0.4%
2020-05-28T04:00:00.000Z,Asian,4%,4%,1%,9.7%
2020-05-28T04:00:00.000Z,Black or African American,34%,41%,30%,12.3%
2020-05-28T04:00:00.000Z,Native Hawaiian or Pac. Islander,<1%,<1%,2%,0.1%
2020-05-28T04:00:00.000Z,White,56%,52%,67%,74.1%
2020-05-28T04:00:00.000Z,Unknown,6%,3%,0%,
2020-05-28T04:00:00.000Z,,,,,
2020-05-28T04:00:00.000Z,Hispanic or Latino (all races),2%,2%,2%,4.8%
2020-05-29T04:00:00.000Z,Am. Indian or Alaska Native,<1%,0%,0%,0.4%
2020-05-29T04:00:00.000Z,Asian,3%,4%,1%,9.7%
2020-05-29T04:00:00.000Z,Black or African American,34%,41%,31%,12.3%
2020-05-29T04:00:00.000Z,Native Hawaiian or Pac. Islander,<1%,<1%,2%,0.1%
2020-05-29T04:00:00.000Z,White,56%,52%,66%,74.1%
2020-05-29T04:00:00.000Z,Unknown,6%,3%,0%,
2020-05-29T04:00:00.000Z,,,,,
2020-05-29T04:00:00.000Z,Hispanic or Latino (all races),3%,2%,2%,4.8%
2020-06-01T04:00:00.000Z,Am. Indian or Alaska Native,<1%,0%,0%,0.4%
2020-06-01T04:00:00.000Z,Asian,3%,4%,1%,9.7%
2020-06-01T04:00:00.000Z,Black or African American,34%,41%,30%,12.3%
2020-06-01T04:00:00.000Z,Native Hawaiian or Pac. Islander,<1%,<1%,2%,0.1%
2020-06-01T04:00:00.000Z,White,56%,52%,67%,74.1%
2020-06-01T04:00:00.000Z,Unknown,6%,2%,0%,
2020-06-01T04:00:00.000Z,,,,,
2020-06-01T04:00:00.000Z,Hispanic or Latino (all races),3%,2%,2%,4.8%
2020-06-02T04:00:00.000Z,Am. Indian or Alaska Native,<1%,0%,0%,0.4%
2020-06-02T04:00:00.000Z,Asian,3%,4%,1%,9.7%
2020-06-02T04:00:00.000Z,Black or African American,34%,41%,30%,12.3%
2020-06-02T04:00:00.000Z,Native Hawaiian or Pac. Islander,<1%,<1%,2%,0.1%
2020-06-02T04:00:00.000Z,White,56%,52%,67%,74.1%
2020-06-02T04:00:00.000Z,Unknown,6%,2%,0%,
2020-06-02T04:00:00.000Z,,,,,
2020-06-02T04:00:00.000Z,Hispanic or Latino (all races),3%,2%,2%,4.8%
2020-06-03T04:00:00.000Z,Am. Indian or Alaska Native,<1%,0%,0%,0.4%
2020-06-03T04:00:00.000Z,Asian,3%,4%,1%,9.7%
2020-06-03T04:00:00.000Z,Black or African American,34%,41%,30%,12.3%
2020-06-03T04:00:00.000Z,Native Hawaiian or Pac. Islander,<1%,<1%,2%,0.1%
2020-06-03T04:00:00.000Z,White,56%,52%,67%,74.1%
2020-06-03T04:00:00.000Z,Unknown,6%,2%,0%,
2020-06-03T04:00:00.000Z,,,,,
2020-06-03T04:00:00.000Z,Hispanic or Latino (all races),3%,2%,2%,4.8%
2020-06-04T04:00:00.000Z,Am. Indian or Alaska Native,<1%,0%,0%,0.4%
2020-06-04T04:00:00.000Z,Asian,4%,4%,1%,9.7%
2020-06-04T04:00:00.000Z,Black or African American,34%,41%,30%,12.3%
2020-06-04T04:00:00.000Z,Native Hawaiian or Pac. Islander,<1%,<1%,2%,0.1%
2020-06-04T04:00:00.000Z,White,56%,52%,67%,74.1%
2020-06-04T04:00:00.000Z,Unknown,6%,3%,0%,
2020-06-04T04:00:00.000Z,,,,,
2020-06-04T04:00:00.000Z,Hispanic or Latino (all races),3%,2%,2%,4.8%
2020-06-05T04:00:00.000Z,Am. Indian or Alaska Native,<1%,0%,0%,0.4%
2020-06-05T04:00:00.000Z,Asian,3%,4%,1%,9.7%
2020-06-05T04:00:00.000Z,Black or African American,34%,41%,30%,12.3%
2020-06-05T04:00:00.000Z,Native Hawaiian or Pac. Islander,<1%,<1%,2%,0.1%
2020-06-05T04:00:00.000Z,White,57%,52%,67%,74.1%
2020-06-05T04:00:00.000Z,Unknown,6%,3%,0%,
2020-06-05T04:00:00.000Z,,,,,
2020-06-05T04:00:00.000Z,Hispanic or Latino (all races),3%,2%,2%,4.8%
2020-06-08T04:00:00.000Z,Am. Indian or Alaska Native,<1%,0%,0%,0.4%
2020-06-08T04:00:00.000Z,Asian,3%,4%,1%,9.7%
2020-06-08T04:00:00.000Z,Black or African American,34%,41%,30%,12.3%
2020-06-08T04:00:00.000Z,Native Hawaiian or Pac. Islander,<1%,<1%,2%,0.1%
2020-06-08T04:00:00.000Z,White,57%,52%,67%,74.1%
2020-06-08T04:00:00.000Z,Unknown,6%,3%,0%,
2020-06-08T04:00:00.000Z,,,,,
2020-06-08T04:00:00.000Z,Hispanic or Latino (all races),3%,2%,2%,4.8%
2020-06-09T04:00:00.000Z,Am. Indian or Alaska Native,<1%,0%,0%,0.4%
2020-06-09T04:00:00.000Z,Asian,3%,4%,1%,9.7%
2020-06-09T04:00:00.000Z,Black or African American,34%,41%,30%,12.3%
2020-06-09T04:00:00.000Z,Native Hawaiian or Pac. Islander,<1%,<1%,2%,0.1%
2020-06-09T04:00:00.000Z,White,57%,52%,67%,74.1%
2020-06-09T04:00:00.000Z,Unknown,6%,3%,0%,
2020-06-09T04:00:00.000Z,,,,,
2020-06-09T04:00:00.000Z,Hispanic or Latino (all races),3%,2%,2%,4.8%
2020-06-10T04:00:00.000Z,Am. Indian or Alaska Native,<1%,0%,0%,0.4%
2020-06-10T04:00:00.000Z,Asian,3%,4%,1%,9.7%
2020-06-10T04:00:00.000Z,Black or African American,34%,41%,30%,12.3%
2020-06-10T04:00:00.000Z,Native Hawaiian or Pac. Islander,<1%,<1%,2%,0.1%
2020-06-10T04:00:00.000Z,White,56%,52%,67%,74.1%
2020-06-10T04:00:00.000Z,Unknown,6%,2%,0%,
2020-06-10T04:00:00.000Z,,,,,
2020-06-10T04:00:00.000Z,Hispanic or Latino (all races),3%,2%,2%,4.8%
2020-06-11T04:00:00.000Z,Am. Indian or Alaska Native,<1%,0%,0%,0.4%
2020-06-11T04:00:00.000Z,Asian,3%,4%,1%,9.7%
2020-06-11T04:00:00.000Z,Black or African American,34%,41%,30%,12.3%
2020-06-11T04:00:00.000Z,Native Hawaiian or Pac. Islander,<1%,<1%,2%,0.1%
2020-06-11T04:00:00.000Z,White,56%,52%,67%,74.1%
2020-06-11T04:00:00.000Z,Unknown,6%,2%,0%,
2020-06-11T04:00:00.000Z,,,,,
2020-06-11T04:00:00.000Z,Hispanic or Latino (all races),3%,2%,2%,4.8%
2020-06-12T04:00:00.000Z,Am. Indian or Alaska Native,<1%,0%,0%,0.4%
2020-06-12T04:00:00.000Z,Asian,3%,4%,1%,9.7%
2020-06-12T04:00:00.000Z,Black or African American,34%,41%,30%,12.3%
2020-06-12T04:00:00.000Z,Native Hawaiian or Pac. Islander,<1%,<1%,2%,0.1%
2020-06-12T04:00:00.000Z,White,58%,53%,67%,74.1%
2020-06-12T04:00:00.000Z,Unknown,4%,2%,0%,
2020-06-12T04:00:00.000Z,,,,,
2020-06-12T04:00:00.000Z,Hispanic or Latino (all races),3%,2%,2%,4.8%
2020-06-15T04:00:00.000Z,Am. Indian or Alaska Native,<1%,0%,0%,0.4%
2020-06-15T04:00:00.000Z,Asian,3%,4%,1%,9.7%
2020-06-15T04:00:00.000Z,Black or African American,34%,41%,30%,12.3%
2020-06-15T04:00:00.000Z,Native Hawaiian or Pac. Islander,<1%,<1%,2%,0.1%
2020-06-15T04:00:00.000Z,White,58%,53%,67%,74.1%
2020-06-15T04:00:00.000Z,Unknown,4%,2%,0%,
2020-06-15T04:00:00.000Z,,,,,
2020-06-15T04:00:00.000Z,Hispanic or Latino (all races),3%,2%,2%,4.8%
2020-06-16T04:00:00.000Z,Am. Indian or Alaska Native,<1%,0%,0%,0.4%
2020-06-16T04:00:00.000Z,Asian,3%,4%,1%,9.7%
2020-06-16T04:00:00.000Z,Black or African American,34%,41%,30%,12.3%
2020-06-16T04:00:00.000Z,Native Hawaiian or Pac. Islander,<1%,<1%,2%,0.1%
2020-06-16T04:00:00.000Z,White,58%,53%,67%,74.1%
2020-06-16T04:00:00.000Z,Unknown,4%,2%,0%,
2020-06-16T04:00:00.000Z,,,,,
2020-06-16T04:00:00.000Z,Hispanic or Latino (all races),3%,2%,2%,4.8%
2020-06-17T04:00:00.000Z,Am. Indian or Alaska Native,<1%,0%,0%,0.4%
2020-06-17T04:00:00.000Z,Asian,3%,4%,1%,9.7%
2020-06-17T04:00:00.000Z,Black or African American,34%,41%,30%,12.3%
2020-06-17T04:00:00.000Z,Native Hawaiian or Pac. Islander,<1%,<1%,2%,0.1%
2020-06-17T04:00:00.000Z,White,58%,53%,67%,74.1%
2020-06-17T04:00:00.000Z,Unknown,5%,2%,0%,
2020-06-17T04:00:00.000Z,,,,,
2020-06-17T04:00:00.000Z,Hispanic or Latino (all races),4%,2%,2%,4.8%
2020-06-18T04:00:00.000Z,Am. Indian or Alaska Native,<1%,0%,0%,0.4%
2020-06-18T04:00:00.000Z,Asian,3%,4%,1%,9.7%
2020-06-18T04:00:00.000Z,Black or African American,34%,41%,29%,12.3%
2020-06-18T04:00:00.000Z,Native Hawaiian or Pac. Islander,<1%,<1%,2%,0.1%
2020-06-18T04:00:00.000Z,White,58%,53%,68%,74.1%
2020-06-18T04:00:00.000Z,Unknown,4%,2%,0%,
2020-06-18T04:00:00.000Z,,,,,
2020-06-18T04:00:00.000Z,Hispanic or Latino (all races),4%,2%,2%,4.8%
2020-06-19T04:00:00.000Z,Am. Indian or Alaska Native,<1%,0%,0%,0.4%
2020-06-19T04:00:00.000Z,Asian,3%,4%,1%,9.7%
2020-06-19T04:00:00.000Z,Black or African American,34%,41%,29%,12.3%
2020-06-19T04:00:00.000Z,Native Hawaiian or Pac. Islander,<1%,<1%,2%,0.1%
2020-06-19T04:00:00.000Z,White,58%,53%,68%,74.1%
2020-06-19T04:00:00.000Z,Unknown,5%,2%,0%,
2020-06-19T04:00:00.000Z,,,,,
2020-06-19T04:00:00.000Z,Hispanic or Latino (all races),4%,2%,2%,4.8%
2020-06-22T04:00:00.000Z,Am. Indian or Alaska Native,<1%,0%,0%,0.4%
2020-06-22T04:00:00.000Z,Asian,3%,4%,1%,9.7%
2020-06-22T04:00:00.000Z,Black or African American,33%,41%,29%,12.3%
2020-06-22T04:00:00.000Z,Native Hawaiian or Pac. Islander,<1%,<1%,2%,0.1%
2020-06-22T04:00:00.000Z,White,58%,53%,68%,74.1%
2020-06-22T04:00:00.000Z,Unknown,5%,2%,0%,
2020-06-22T04:00:00.000Z,,,,,
2020-06-22T04:00:00.000Z,Hispanic or Latino (all races),4%,2%,2%,4.8%
2020-06-23T04:00:00.000Z,Am. Indian or Alaska Native,<1%,0%,0%,0.4%
2020-06-23T04:00:00.000Z,Asian,4%,4%,1%,9.7%
2020-06-23T04:00:00.000Z,Black or African American,33%,41%,29%,12.3%
2020-06-23T04:00:00.000Z,Native Hawaiian or Pac. Islander,<1%,<1%,2%,0.1%
2020-06-23T04:00:00.000Z,White,58%,53%,68%,74.1%
2020-06-23T04:00:00.000Z,Unknown,5%,2%,0%,
2020-06-23T04:00:00.000Z,,,,,
2020-06-23T04:00:00.000Z,Hispanic or Latino (all races),4%,2%,2%,4.8%
2020-06-24T04:00:00.000Z,Am. Indian or Alaska Native,<1%,0%,0%,0.4%
2020-06-24T04:00:00.000Z,Asian,4%,4%,1%,9.7%
2020-06-24T04:00:00.000Z,Black or African American,33%,40%,29%,12.3%
2020-06-24T04:00:00.000Z,Native Hawaiian or Pac. Islander,<1%,<1%,2%,0.1%
2020-06-24T04:00:00.000Z,White,58%,53%,68%,74.1%
2020-06-24T04:00:00.000Z,Unknown,5%,2%,0%,
2020-06-24T04:00:00.000Z,,,,,
2020-06-24T04:00:00.000Z,Hispanic or Latino (all races),4%,2%,2%,4.8%
2020-06-25T04:00:00.000Z,Am. Indian or Alaska Native,<1%,0%,0%,0.4%
2020-06-25T04:00:00.000Z,Asian,4%,4%,1%,9.7%
2020-06-25T04:00:00.000Z,Black or African American,33%,41%,29%,12.3%
2020-06-25T04:00:00.000Z,Native Hawaiian or Pac. Islander,<1%,<1%,2%,0.1%
2020-06-25T04:00:00.000Z,White,58%,53%,68%,74.1%
2020-06-25T04:00:00.000Z,Unknown,5%,2%,0%,
2020-06-25T04:00:00.000Z,,,,,
2020-06-25T04:00:00.000Z,Hispanic or Latino (all races),4%,2%,2%,4.8%
2020-06-26T04:00:00.000Z,Am. Indian or Alaska Native,<1%,0%,0%,0.4%
2020-06-26T04:00:00.000Z,Asian,4%,4%,1%,9.7%
2020-06-26T04:00:00.000Z,Black or African American,33%,41%,30%,12.3%
2020-06-26T04:00:00.000Z,Native Hawaiian or Pac. Islander,<1%,<1%,2%,0.1%
2020-06-26T04:00:00.000Z,White,58%,53%,67%,74.1%
2020-06-26T04:00:00.000Z,Unknown,5%,2%,0%,
2020-06-26T04:00:00.000Z,,,,,
2020-06-26T04:00:00.000Z,Hispanic or Latino (all races),4%,2%,2%,4.8%
2020-06-29T04:00:00.000Z,Am. Indian or Alaska Native,<1%,0%,0%,0.4%
2020-06-29T04:00:00.000Z,Asian,4%,4%,1%,9.7%
2020-06-29T04:00:00.000Z,Black or African American,33%,41%,30%,12.3%
2020-06-29T04:00:00.000Z,Native Hawaiian or Pac. Islander,<1%,<1%,2%,0.1%
2020-06-29T04:00:00.000Z,White,58%,53%,67%,74.1%
2020-06-29T04:00:00.000Z,Unknown,5%,2%,0%,
2020-06-29T04:00:00.000Z,,,,,
2020-06-29T04:00:00.000Z,Hispanic or Latino (all races),4%,2%,2%,4.8%
2020-06-30T04:00:00.000Z,Am. Indian or Alaska Native,<1%,0%,0%,0.4%
2020-06-30T04:00:00.000Z,Asian,4%,4%,1%,9.7%
2020-06-30T04:00:00.000Z,Black or African American,33%,41%,30%,12.3%
2020-06-30T04:00:00.000Z,Native Hawaiian or Pac. Islander,<1%,<1%,2%,0.1%
2020-06-30T04:00:00.000Z,White,58%,53%,67%,74.1%
2020-06-30T04:00:00.000Z,Unknown,5%,2%,0%,
2020-06-30T04:00:00.000Z,,,,,
2020-06-30T04:00:00.000Z,Hispanic or Latino (all races),4%,2%,2%,4.8%
2020-07-01T04:00:00.000Z,Am. Indian or Alaska Native,<1%,0%,0%,0.4%
2020-07-01T04:00:00.000Z,Asian,3%,4%,1%,9.7%
2020-07-01T04:00:00.000Z,Black or African American,33%,41%,30%,12.3%
2020-07-01T04:00:00.000Z,Native Hawaiian or Pac. Islander,<1%,<1%,2%,0.1%
2020-07-01T04:00:00.000Z,White,58%,53%,67%,74.1%
2020-07-01T04:00:00.000Z,Unknown,5%,2%,0%,
2020-07-01T04:00:00.000Z,,,,,
2020-07-01T04:00:00.000Z,Hispanic or Latino (all races),4%,2%,2%,4.8%
2020-07-02T04:00:00.000Z,Am. Indian or Alaska Native,<1%,0%,0%,0.4%
2020-07-02T04:00:00.000Z,Asian,4%,4%,1%,9.7%
2020-07-02T04:00:00.000Z,Black or African American,33%,41%,30%,12.3%
2020-07-02T04:00:00.000Z,Native Hawaiian or Pac. Islander,<1%,<1%,2%,0.1%
2020-07-02T04:00:00.000Z,White,58%,53%,67%,74.1%
2020-07-02T04:00:00.000Z,Unknown,5%,2%,0%,
2020-07-02T04:00:00.000Z,,,,,
2020-07-02T04:00:00.000Z,Hispanic or Latino (all races),4%,2%,2%,4.8%
2020-07-06T04:00:00.000Z,Am. Indian or Alaska Native,<1%,0%,0%,0.4%
2020-07-06T04:00:00.000Z,Asian,3%,4%,1%,9.7%
2020-07-06T04:00:00.000Z,Black or African American,33%,41%,30%,12.3%
2020-07-06T04:00:00.000Z,Native Hawaiian or Pac. Islander,<1%,<1%,2%,0.1%
2020-07-06T04:00:00.000Z,White,58%,53%,67%,74.1%
2020-07-06T04:00:00.000Z,Unknown,5%,2%,0%,
2020-07-06T04:00:00.000Z,,,,,
2020-07-06T04:00:00.000Z,Hispanic or Latino (all races),4%,2%,2%,4.8%
2020-07-07T04:00:00.000Z,Am. Indian or Alaska Native,<1%,0%,0%,0.4%
2020-07-07T04:00:00.000Z,Asian,3%,4%,1%,9.7%
2020-07-07T04:00:00.000Z,Black or African American,33%,40%,30%,12.3%
2020-07-07T04:00:00.000Z,Native Hawaiian or Pac. Islander,<1%,<1%,2%,0.1%
2020-07-07T04:00:00.000Z,White,58%,54%,67%,74.1%
2020-07-07T04:00:00.000Z,Unknown,5%,2%,0%,
2020-07-07T04:00:00.000Z,,,,,
2020-07-07T04:00:00.000Z,Hispanic or Latino (all races),4%,2%,2%,4.8%
2020-07-08T04:00:00.000Z,Am. Indian or Alaska Native,<1%,0%,0%,0.4%
2020-07-08T04:00:00.000Z,Asian,3%,4%,1%,9.7%
2020-07-08T04:00:00.000Z,Black or African American,33%,40%,30%,12.3%
2020-07-08T04:00:00.000Z,Native Hawaiian or Pac. Islander,<1%,<1%,2%,0.1%
2020-07-08T04:00:00.000Z,White,58%,54%,67%,74.1%
2020-07-08T04:00:00.000Z,Unknown,5%,2%,0%,
2020-07-08T04:00:00.000Z,,,,,
2020-07-08T04:00:00.000Z,Hispanic or Latino (all races),4%,2%,2%,4.8%
2020-07-09T04:00:00.000Z,Am. Indian or Alaska Native,<1%,0%,0%,0.4%
2020-07-09T04:00:00.000Z,Asian,3%,4%,1%,9.7%
2020-07-09T04:00:00.000Z,Black or African American,33%,41%,30%,12.3%
2020-07-09T04:00:00.000Z,Native Hawaiian or Pac. Islander,<1%,<1%,2%,0.1%
2020-07-09T04:00:00.000Z,White,58%,53%,67%,74.1%
2020-07-09T04:00:00.000Z,Unknown,5%,2%,0%,
2020-07-09T04:00:00.000Z,,,,,
2020-07-09T04:00:00.000Z,Hispanic or Latino (all races),4%,2%,2%,4.8%
2020-07-10T04:00:00.000Z,Am. Indian or Alaska Native,<1%,0%,0%,0.4%
2020-07-10T04:00:00.000Z,Asian,3%,4%,1%,9.7%
2020-07-10T04:00:00.000Z,Black or African American,32%,40%,30%,12.3%
2020-07-10T04:00:00.000Z,Native Hawaiian or Pac. Islander,<1%,<1%,2%,0.1%
2020-07-10T04:00:00.000Z,White,59%,54%,67%,74.1%
2020-07-10T04:00:00.000Z,Unknown,5%,2%,0%,
2020-07-10T04:00:00.000Z,,,,,
2020-07-10T04:00:00.000Z,Hispanic or Latino (all races),4%,2%,2%,4.8%
2020-07-13T04:00:00.000Z,Am. Indian or Alaska Native,<1%,0%,0%,0.4%
2020-07-13T04:00:00.000Z,Asian,3%,4%,1%,9.7%
2020-07-13T04:00:00.000Z,Black or African American,31%,40%,31%,12.3%
2020-07-13T04:00:00.000Z,Native Hawaiian or Pac. Islander,<1%,<1%,2%,0.1%
2020-07-13T04:00:00.000Z,White,59%,54%,68%,74.1%
2020-07-13T04:00:00.000Z,Unknown,5%,2%,0%,
2020-07-13T04:00:00.000Z,,,,,
2020-07-13T04:00:00.000Z,Hispanic or Latino (all races),4%,2%,2%,4.8%
2020-07-14T04:00:00.000Z,Am. Indian or Alaska Native,<1%,0%,0%,0.4%
2020-07-14T04:00:00.000Z,Asian,3%,4%,1%,9.7%
2020-07-14T04:00:00.000Z,Black or African American,32%,41%,31%,12.3%
2020-07-14T04:00:00.000Z,Native Hawaiian or Pac. Islander,<1%,<1%,2%,0.1%
2020-07-14T04:00:00.000Z,White,59%,53%,67%,74.1%
2020-07-14T04:00:00.000Z,Unknown,5%,2%,0%,
2020-07-14T04:00:00.000Z,,,,,
2020-07-14T04:00:00.000Z,Hispanic or Latino (all races),4%,2%,2%,4.8%
2020-07-15T04:00:00.000Z,Am. Indian or Alaska Native,<1%,0%,0%,0.4%
2020-07-15T04:00:00.000Z,Asian,3%,4%,1%,9.7%
2020-07-15T04:00:00.000Z,Black or African American,32%,40%,30%,12.3%
2020-07-15T04:00:00.000Z,Native Hawaiian or Pac. Islander,<1%,<1%,2%,0.1%
2020-07-15T04:00:00.000Z,White,59%,54%,67%,74.1%
2020-07-15T04:00:00.000Z,Unknown,5%,2%,0%,
2020-07-15T04:00:00.000Z,,,,,
2020-07-15T04:00:00.000Z,Hispanic or Latino (all races),4%,2%,2%,4.8%
2020-07-16T04:00:00.000Z,Am. Indian or Alaska Native,<1%,0%,0%,0.4%
2020-07-16T04:00:00.000Z,Asian,3%,4%,1%,9.7%
2020-07-16T04:00:00.000Z,Black or African American,32%,40%,30%,12.3%
2020-07-16T04:00:00.000Z,Native Hawaiian or Pac. Islander,<1%,<1%,2%,0.1%
2020-07-16T04:00:00.000Z,White,59%,54%,67%,74.1%
2020-07-16T04:00:00.000Z,Unknown,5%,2%,0%,
2020-07-16T04:00:00.000Z,,,,,
2020-07-16T04:00:00.000Z,Hispanic or Latino (all races),4%,3%,2%,4.8%
2020-07-17T04:00:00.000Z,Am. Indian or Alaska Native,<1%,0%,0%,0.4%
2020-07-17T04:00:00.000Z,Asian,3%,4%,1%,9.7%
2020-07-17T04:00:00.000Z,Black or African American,32%,41%,30%,12.3%
2020-07-17T04:00:00.000Z,Native Hawaiian or Pac. Islander,<1%,<1%,2%,0.1%
2020-07-17T04:00:00.000Z,White,59%,53%,67%,74.1%
2020-07-17T04:00:00.000Z,Unknown,5%,2%,0%,
2020-07-17T04:00:00.000Z,,,,,
2020-07-17T04:00:00.000Z,Hispanic or Latino (all races),4%,3%,2%,4.8%
2020-07-20T04:00:00.000Z,Am. Indian or Alaska Native,<1%,0%,0%,0.4%
2020-07-20T04:00:00.000Z,Asian,3%,4%,1%,9.7%
2020-07-20T04:00:00.000Z,Black or African American,31%,40%,31%,12.3%
2020-07-20T04:00:00.000Z,Native Hawaiian or Pac. Islander,<1%,<1%,2%,0.1%
2020-07-20T04:00:00.000Z,White,59%,53%,66%,74.1%
2020-07-20T04:00:00.000Z,Unknown,6%,2%,0%,
2020-07-20T04:00:00.000Z,,,,,
2020-07-20T04:00:00.000Z,Hispanic or Latino (all races),4%,3%,2%,4.8%
2020-07-21T04:00:00.000Z,Am. Indian or Alaska Native,<1%,0%,0%,0.4%
2020-07-21T04:00:00.000Z,Asian,3%,4%,1%,9.7%
2020-07-21T04:00:00.000Z,Black or African American,31%,41%,31%,12.3%
2020-07-21T04:00:00.000Z,Native Hawaiian or Pac. Islander,<1%,<1%,2%,0.1%
2020-07-21T04:00:00.000Z,White,59%,53%,66%,74.1%
2020-07-21T04:00:00.000Z,Unknown,6%,2%,0%,
2020-07-21T04:00:00.000Z,,,,,
2020-07-21T04:00:00.000Z,Hispanic or Latino (all races),4%,3%,2%,4.8%
2020-07-22T04:00:00.000Z,Am. Indian or Alaska Native,<1%,0%,0%,0.4%
2020-07-22T04:00:00.000Z,Asian,3%,4%,1%,9.7%
2020-07-22T04:00:00.000Z,Black or African American,31%,40%,31%,12.3%
2020-07-22T04:00:00.000Z,Native Hawaiian or Pac. Islander,<1%,<1%,2%,0.1%
2020-07-22T04:00:00.000Z,White,59%,53%,66%,74.1%
2020-07-22T04:00:00.000Z,Unknown,6%,2%,0%,
2020-07-22T04:00:00.000Z,,,,,
2020-07-22T04:00:00.000Z,Hispanic or Latino (all races),4%,2%,2%,4.8%
2020-07-23T04:00:00.000Z,Am. Indian or Alaska Native,<1%,0%,0%,0.4%
2020-07-23T04:00:00.000Z,Asian,3%,4%,1%,9.7%
2020-07-23T04:00:00.000Z,Black or African American,31%,40%,30%,12.3%
2020-07-23T04:00:00.000Z,Native Hawaiian or Pac. Islander,<1%,<1%,2%,0.1%
2020-07-23T04:00:00.000Z,White,59%,53%,67%,74.1%
2020-07-23T04:00:00.000Z,Unknown,6%,2%,0%,
2020-07-23T04:00:00.000Z,,,,,
2020-07-23T04:00:00.000Z,Hispanic or Latino (all races),4%,2%,2%,4.8%
2020-07-24T04:00:00.000Z,Am. Indian or Alaska Native,<1%,<1%,0%,0.4%
2020-07-24T04:00:00.000Z,Asian,3%,4%,1%,9.7%
2020-07-24T04:00:00.000Z,Black or African American,31%,40%,30%,12.3%
2020-07-24T04:00:00.000Z,Native Hawaiian or Pac. Islander,<1%,<1%,2%,0.1%
2020-07-24T04:00:00.000Z,White,59%,53%,67%,74.1%
2020-07-24T04:00:00.000Z,Unknown,6%,2%,0%,
2020-07-24T04:00:00.000Z,,,,,
2020-07-24T04:00:00.000Z,Hispanic or Latino (all races),4%,2%,2%,4.8%
2020-07-27T04:00:00.000Z,Am. Indian or Alaska Native,<1%,<1%,0%,0.4%
2020-07-27T04:00:00.000Z,Asian,3%,4%,1%,9.7%
2020-07-27T04:00:00.000Z,Black or African American,31%,41%,30%,12.3%
2020-07-27T04:00:00.000Z,Native Hawaiian or Pac. Islander,<1%,<1%,2%,0.1%
2020-07-27T04:00:00.000Z,White,59%,53%,67%,74.1%
2020-07-27T04:00:00.000Z,Unknown,6%,2%,0%,
2020-07-27T04:00:00.000Z,,,,,
2020-07-27T04:00:00.000Z,Hispanic or Latino (all races),4%,3%,2%,4.8%
2020-07-29T04:00:00.000Z,Am. Indian or Alaska Native,<1%,<1%,0%,0.4%
2020-07-29T04:00:00.000Z,Asian,3%,4%,1%,9.7%
2020-07-29T04:00:00.000Z,Black or African American,30%,40%,30%,12.3%
2020-07-29T04:00:00.000Z,Native Hawaiian or Pac. Islander,<1%,<1%,2%,0.1%
2020-07-29T04:00:00.000Z,White,60%,53%,68%,74.1%
2020-07-29T04:00:00.000Z,Unknown,6%,2%,0%,
2020-07-29T04:00:00.000Z,,,,,
2020-07-29T04:00:00.000Z,Hispanic or Latino (all races),4%,3%,2%,4.8%
2020-07-30T04:00:00.000Z,Am. Indian or Alaska Native,<1%,<1%,0%,0.4%
2020-07-30T04:00:00.000Z,Asian,3%,4%,1%,9.7%
2020-07-30T04:00:00.000Z,Black or African American,30%,40%,30%,12.3%
2020-07-30T04:00:00.000Z,Native Hawaiian or Pac. Islander,<1%,<1%,2%,0.1%
2020-07-30T04:00:00.000Z,White,60%,53%,68%,74.1%
2020-07-30T04:00:00.000Z,Unknown,9%,2%,0%,
2020-07-30T04:00:00.000Z,,,,,
2020-07-30T04:00:00.000Z,Hispanic or Latino (all races),4%,3%,2%,4.8%
2020-07-31T04:00:00.000Z,Am. Indian or Alaska Native,<1%,<1%,0%,0.4%
2020-07-31T04:00:00.000Z,Asian,3%,4%,1%,9.7%
2020-07-31T04:00:00.000Z,Black or African American,30%,40%,30%,12.3%
2020-07-31T04:00:00.000Z,Native Hawaiian or Pac. Islander,<1%,<1%,2%,0.1%
2020-07-31T04:00:00.000Z,White,60%,53%,67%,74.1%
2020-07-31T04:00:00.000Z,Unknown,6%,2%,0%,
2020-07-31T04:00:00.000Z,,,,,
2020-07-31T04:00:00.000Z,Hispanic or Latino (all races),4%,3%,2%,4.8%
2020-08-03T04:00:00.000Z,Am. Indian or Alaska Native,<1%,<1%,0%,0.4%
2020-08-03T04:00:00.000Z,Asian,3%,4%,1%,9.7%
2020-08-03T04:00:00.000Z,Black or African American,30%,40%,30%,12.3%
2020-08-03T04:00:00.000Z,Native Hawaiian or Pac. Islander,<1%,<1%,2%,0.1%
2020-08-03T04:00:00.000Z,White,61%,53%,67%,74.1%
2020-08-03T04:00:00.000Z,Unknown,6%,2%,0%,
2020-08-03T04:00:00.000Z,,,,,
2020-08-03T04:00:00.000Z,Hispanic or Latino (all races),4%,3%,2%,4.8%
2020-08-04T04:00:00.000Z,Am. Indian or Alaska Native,<1%,0%,0%,0.4%
2020-08-04T04:00:00.000Z,Asian,3%,4%,1%,9.7%
2020-08-04T04:00:00.000Z,Black or African American,30%,40%,30%,12.3%
2020-08-04T04:00:00.000Z,Native Hawaiian or Pac. Islander,<1%,<1%,2%,0.1%
2020-08-04T04:00:00.000Z,White,61%,53%,67%,74.1%
2020-08-04T04:00:00.000Z,Unknown,6%,2%,0%,
2020-08-04T04:00:00.000Z,,,,,
2020-08-04T04:00:00.000Z,Hispanic or Latino (all races),4%,3%,2%,4.8%
2020-08-05T04:00:00.000Z,Am. Indian or Alaska Native,<1%,0%,0%,0.4%
2020-08-05T04:00:00.000Z,Asian,3%,4%,1%,9.7%
2020-08-05T04:00:00.000Z,Black or African American,29%,40%,30%,12.3%
2020-08-05T04:00:00.000Z,Native Hawaiian or Pac. Islander,<1%,<1%,2%,0.1%
2020-08-05T04:00:00.000Z,White,61%,53%,67%,74.1%
2020-08-05T04:00:00.000Z,Unknown,6%,2%,0%,
2020-08-05T04:00:00.000Z,,,,,
2020-08-05T04:00:00.000Z,Hispanic or Latino (all races),4%,3%,2%,4.8%
2020-08-06T04:00:00.000Z,Am. Indian or Alaska Native,<1%,0%,0%,0.4%
2020-08-06T04:00:00.000Z,Asian,3%,4%,1%,9.7%
2020-08-06T04:00:00.000Z,Black or African American,30%,40%,30%,12.3%
2020-08-06T04:00:00.000Z,Native Hawaiian or Pac. Islander,<1%,<1%,2%,0.1%
2020-08-06T04:00:00.000Z,White,61%,53%,67%,74.1%
2020-08-06T04:00:00.000Z,Unknown,6%,2%,0%,
2020-08-06T04:00:00.000Z,,,,,
2020-08-06T04:00:00.000Z,Hispanic or Latino (all races),4%,3%,2%,4.8%
2020-08-07T04:00:00.000Z,Am. Indian or Alaska Native,<1%,0%,0%,0.4%
2020-08-07T04:00:00.000Z,Asian,3%,4%,1%,9.7%
2020-08-07T04:00:00.000Z,Black or African American,29%,40%,30%,12.3%
2020-08-07T04:00:00.000Z,Native Hawaiian or Pac. Islander,<1%,<1%,2%,0.1%
2020-08-07T04:00:00.000Z,White,61%,54%,67%,74.1%
2020-08-07T04:00:00.000Z,Unknown,6%,2%,0%,
2020-08-07T04:00:00.000Z,,,,,
2020-08-07T04:00:00.000Z,Hispanic or Latino (all races),4%,3%,2%,4.8%
2020-08-10T04:00:00.000Z,Am. Indian or Alaska Native,<1%,0%,0%,0.4%
2020-08-10T04:00:00.000Z,Asian,3%,4%,1%,9.7%
2020-08-10T04:00:00.000Z,Black or African American,29%,40%,30%,12.3%
2020-08-10T04:00:00.000Z,Native Hawaiian or Pac. Islander,<1%,<1%,2%,0.1%
2020-08-10T04:00:00.000Z,White,61%,53%,67%,74.1%
2020-08-10T04:00:00.000Z,Unknown,6%,2%,0%,
2020-08-10T04:00:00.000Z,,,,,
2020-08-10T04:00:00.000Z,Hispanic or Latino (all races),4%,3%,2%,4.8%
2020-08-11T04:00:00.000Z,Am. Indian or Alaska Native,<1%,0%,0%,0.4%
2020-08-11T04:00:00.000Z,Asian,3%,4%,1%,9.7%
2020-08-11T04:00:00.000Z,Black or African American,29%,40%,30%,12.3%
2020-08-11T04:00:00.000Z,Native Hawaiian or Pac. Islander,<1%,<1%,2%,0.1%
2020-08-11T04:00:00.000Z,White,61%,53%,67%,74.1%
2020-08-11T04:00:00.000Z,Unknown,7%,2%,0%,
2020-08-11T04:00:00.000Z,,,,,
2020-08-11T04:00:00.000Z,Hispanic or Latino (all races),4%,3%,2%,4.8%
