date,group,totalCases,totalHospitalizations,percentageHospitalized,percentageCasesAdmittedToIcu,totalDeaths,totalRecovered
2020-04-05T20:54:57.732Z,Laboratory Confirmed Cases,521,138,null,null,8,69
2020-04-06T04:00:00.000Z,Laboratory Confirmed Cases,543,149,null,null,10,82
2020-04-07T04:00:00.000Z,Laboratory Confirmed Cases,561,160,null,null,12,98
2020-04-08T04:00:00.000Z,Laboratory Confirmed Cases,603,173,null,null,12,113
2020-04-09T04:00:00.000Z,Laboratory Confirmed Cases,641,186,29%,null,15,149
2020-04-10T04:00:00.000Z,Laboratory Confirmed Cases,667,195,29%,null,15,149
2020-04-11T04:00:00.000Z,Laboratory Confirmed Cases,689,202,29%,null,18,162
2020-04-13T04:00:00.000Z,Laboratory Confirmed Cases,736,207,28%,null,18,191
2020-04-14T04:00:00.000Z,Laboratory Confirmed Cases,769,212,28%,7%,21,224
2020-04-15T04:00:00.000Z,Laboratory Confirmed Cases,803,226,28%,7%,23,297
2020-04-16T04:00:00.000Z,Laboratory Confirmed Cases,827,232,28%,7%,25,318
2020-04-17T04:00:00.000Z,Laboratory Confirmed Cases,858,238,28%,7%,26,336
2020-04-18T04:00:00.000Z,Laboratory Confirmed Cases,871,249,29%,7%,29,360
2020-04-20T04:00:00.000Z,Laboratory Confirmed Cases,881,255,29%,7%,33,395
2020-04-21T04:00:00.000Z,Laboratory Confirmed Cases,900,265,29%,7%,38,412
2020-04-22T04:00:00.000Z,Laboratory Confirmed Cases,911,269,30%,8%,41,425
2020-04-23T04:00:00.000Z,Laboratory Confirmed Cases,966,274,28%,7%,42,447
2020-04-24T04:00:00.000Z,Laboratory Confirmed Cases,974,278,29%,7%,47,460
2020-04-24T04:00:00.000Z,Probable Cases (Symptomatic individual who was a close contact to a confirmed COVID case but was not tested),213,2,1%,0%,3,133
2020-04-24T04:00:00.000Z,Confirmed and Probable Cases,1187,280,24%,6%,50,593
2020-04-25T04:00:00.000Z,Laboratory Confirmed Cases,1002,282,28%,7%,50,511
2020-04-25T04:00:00.000Z,Probable Cases (Symptomatic individual who was a close contact to a confirmed COVID case but was not tested),207,0,0%,0%,3,136
2020-04-25T04:00:00.000Z,Confirmed and Probable Cases,1209,282,28%,7%,53,647
2020-04-27T04:00:00.000Z,Laboratory Confirmed Cases,1005,287,29%,7%,55,496
2020-04-27T04:00:00.000Z,Probable Cases (Symptomatic individual who was a close contact to a confirmed COVID case but was not tested),214,0,0%,0%,3,148
2020-04-27T04:00:00.000Z,Confirmed and Probable Cases,1219,287,24%,6%,58,644
2020-04-28T04:00:00.000Z,Laboratory Confirmed Cases,1033,294,28%,7%,56,515
2020-04-28T04:00:00.000Z,Probable Cases (Symptomatic individual who was a close contact to a confirmed COVID case but was not tested),220,0,0%,0%,3,152
2020-04-28T04:00:00.000Z,Confirmed and Probable Cases,1253,294,23%,6%,59,667
2020-04-29T04:00:00.000Z,Laboratory Confirmed Cases,1050,296,28%,8%,59,598
2020-04-29T04:00:00.000Z,Probable Cases (Symptomatic individual who was a close contact to a confirmed COVID case but was not tested),220,0,0%,0%,3,152
2020-04-29T04:00:00.000Z,Confirmed and Probable Cases,1270,296,23%,6%,62,750
2020-04-30T04:00:00.000Z,Laboratory Confirmed Cases,1077,297,28%,7%,61,581
2020-04-30T04:00:00.000Z,Probable Cases (Symptomatic individual who was a close contact to a confirmed COVID case but was not tested - updated Fridays only),220,0,0%,0%,3,149
2020-04-30T04:00:00.000Z,Confirmed and Probable Cases,1297,297,23%,6%,64,730
2020-05-01T04:00:00.000Z,Laboratory Confirmed Cases,1086,304,28%,8%,66,589
2020-05-01T04:00:00.000Z,Probable Cases (Symptomatic individual who was a close contact to a confirmed COVID case but was not tested - updated Fridays only),231,0,0%,0%,3,166
2020-05-01T04:00:00.000Z,Confirmed and Probable Cases,1317,304,23%,6%,69,755
2020-05-04T04:00:00.000Z,Laboratory Confirmed Cases,1117,310,28%,8%,74,613
2020-05-04T04:00:00.000Z,Probable Cases (Symptomatic individual who was a close contact to a confirmed COVID case but was not tested - updated Fridays only),231,0,0%,0%,3,166
2020-05-04T04:00:00.000Z,Confirmed and Probable Cases,1348,310,23%,6%,77,779
2020-05-05T04:00:00.000Z,Laboratory Confirmed Cases,1123,319,28%,8%,76,663
2020-05-05T04:00:00.000Z,Probable Cases (Symptomatic individual who was a close contact to a confirmed COVID case but was not tested - updated Fridays only),231,0,0%,0%,3,166
2020-05-05T04:00:00.000Z,Confirmed and Probable Cases,1354,319,23%,6%,79,829
2020-05-06T04:00:00.000Z,Laboratory Confirmed Cases,1129,321,28%,8%,77,683
2020-05-06T04:00:00.000Z,Probable Cases (Symptomatic individual who was a close contact to a confirmed COVID case but was not tested - updated Fridays only),231,0,0%,0%,3,166
2020-05-06T04:00:00.000Z,Confirmed and Probable Cases,1360,321,24%,6%,80,849
2020-05-07T04:00:00.000Z,Laboratory Confirmed Cases,1140,322,28%,8%,77,704
2020-05-07T04:00:00.000Z,Probable Cases (Symptomatic individual who was a close contact to a confirmed COVID case but was not tested - updated Fridays only),231,0,0%,0%,3,166
2020-05-07T04:00:00.000Z,Confirmed and Probable Cases,1371,322,23%,7%,80,870
2020-05-08T04:00:00.000Z,Laboratory Confirmed Cases,1166,328,28%,8%,80,722
2020-05-08T04:00:00.000Z,Probable Cases (Symptomatic individual who was a close contact to a confirmed COVID case but was not tested - updated Fridays only),230,0,0%,0%,3,179
2020-05-08T04:00:00.000Z,Confirmed and Probable Cases,1396,328,23%,7%,83,901
2020-05-11T04:00:00.000Z,Laboratory Confirmed Cases,1194,337,28%,8%,81,754
2020-05-11T04:00:00.000Z,Probable Cases (Symptomatic individual who was a close contact to a confirmed COVID case but was not tested - updated Fridays only),230,0,0%,0%,3,179
2020-05-11T04:00:00.000Z,Confirmed and Probable Cases,1424,337,24%,7%,84,933
2020-05-12T04:00:00.000Z,Laboratory Confirmed Cases,1207,343,28%,8%,81,785
2020-05-12T04:00:00.000Z,Probable Cases (Symptomatic individual who was a close contact to a confirmed COVID case but was not tested - updated Fridays only),230,0,0%,0%,3,179
2020-05-12T04:00:00.000Z,Confirmed and Probable Cases,1437,343,24%,7%,85,964
2020-05-13T04:00:00.000Z,Laboratory Confirmed Cases,1210,345,29%,8%,84,800
2020-05-13T04:00:00.000Z,Probable Cases (Symptomatic individual who was a close contact to a confirmed COVID case but was not tested - updated Fridays only),230,0,0%,0%,3,179
2020-05-13T04:00:00.000Z,Confirmed and Probable Cases,1440,345,24%,7%,87,979
2020-05-14T04:00:00.000Z,Laboratory Confirmed Cases,1232,346,28%,8%,86,819
2020-05-14T04:00:00.000Z,Probable Cases (updated Fridays only),230,0,0%,0%,3,179
2020-05-14T04:00:00.000Z,Confirmed and Probable Cases,1462,346,24%,7%,89,998
2020-05-15T04:00:00.000Z,Laboratory Confirmed Cases,1235,348,28%,8%,87,842 (68%)
2020-05-15T04:00:00.000Z,Probable Cases (updated Fridays only),235,0,0%,0%,3,200 (85%)
2020-05-15T04:00:00.000Z,Confirmed and Probable Cases,1470,348,24%,7%,90,1042 (71%)
2020-05-18T04:00:00.000Z,Laboratory Confirmed Cases,1246,352,28%,8%,89,863 (69%)
2020-05-18T04:00:00.000Z,Probable Cases (updated Fridays only),235,0,0%,0%,3,200 (85%)
2020-05-18T04:00:00.000Z,Confirmed and Probable Cases,1481,352,24%,7%,92,1063 (72%)
2020-05-19T04:00:00.000Z,Laboratory Confirmed Cases,1251,355,28%,8%,89,879 (70%)
2020-05-19T04:00:00.000Z,Probable Cases (updated Fridays only),235,0,0%,0%,3,200 (85%)
2020-05-19T04:00:00.000Z,Confirmed and Probable Cases,1486,355,24%,7%,92,1079 (73%)
2020-05-20T04:00:00.000Z,Laboratory Confirmed Cases,1261,355,28%,8%,90,891 (70%)
2020-05-20T04:00:00.000Z,Probable Cases (updated Fridays only),235,0,0%,0%,3,200 (85%)
2020-05-20T04:00:00.000Z,Confirmed and Probable Cases,1496,355,24%,7%,93,1091 (73%)
2020-05-21T04:00:00.000Z,Laboratory Confirmed Cases,1267,358,28%,8%,95,904 (71%)
2020-05-21T04:00:00.000Z,Probable Cases (updated Fridays only),235,0,0%,0%,3,200 (85%)
2020-05-21T04:00:00.000Z,Confirmed and Probable Cases,1502,358,24%,7%,98,1104 (74%)
2020-05-22T04:00:00.000Z,Laboratory Confirmed Cases,1275,359,28%,8%,96,933 (73%)
2020-05-22T04:00:00.000Z,Probable Cases (updated Fridays only),259,0,0%,0%,3,226 (87%)
2020-05-22T04:00:00.000Z,Confirmed and Probable Cases,1534,358,23%,7%,99,1159 (76%)
2020-05-26T04:00:00.000Z,Laboratory Confirmed Cases,1301,362,28%,8%,96,972 (75%)
2020-05-26T04:00:00.000Z,Probable Cases (updated Fridays only),259,1,0%,0%,3,226 (87%)
2020-05-26T04:00:00.000Z,Confirmed and Probable Cases,1560,363,23%,7%,99,1198 (77%)
2020-05-27T04:00:00.000Z,Laboratory Confirmed Cases,1305,364,28%,8%,97,995 (76%)
2020-05-27T04:00:00.000Z,Probable Cases (updated Fridays only),259,1,0%,0%,3,226 (87%)
2020-05-27T04:00:00.000Z,Confirmed and Probable Cases,1564,365,23%,7%,100,1221 (78%)
2020-05-28T04:00:00.000Z,Laboratory Confirmed Cases,1313,367,28%,8%,99,1044 (80%)
2020-05-28T04:00:00.000Z,Probable Cases (updated Fridays only),259,1,0%,0%,3,226 (87%)
2020-05-28T04:00:00.000Z,Confirmed and Probable Cases,1572,368,23%,7%,102,1270 (81%)
2020-05-29T04:00:00.000Z,Laboratory Confirmed Cases,1317,367,28%,8%,100,1063 (81%)
2020-05-29T04:00:00.000Z,Probable Cases (updated Fridays only),271,2,<1%,0%,3,254 (94%)
2020-05-29T04:00:00.000Z,Confirmed and Probable Cases,1588,369,23%,6%,103,1317 (83%)
2020-06-01T04:00:00.000Z,Laboratory Confirmed Cases,1337,373,28%,9%,99,1081 (81%)
2020-06-01T04:00:00.000Z,Probable Cases (updated Fridays only),271,2,<1%,0%,3,254 (94%)
2020-06-01T04:00:00.000Z,Confirmed and Probable Cases,1608,375,23%,6%,102,1335 (83%)
2020-06-02T04:00:00.000Z,Laboratory Confirmed Cases,1340,373,28%,8%,99,1082 (81%)
2020-06-02T04:00:00.000Z,Probable Cases (updated Fridays only),271,2,<1%,0%,3,254 (94%)
2020-06-02T04:00:00.000Z,Confirmed and Probable Cases,1608,375,23%,6%,102,1335 (83%)
2020-06-03T04:00:00.000Z,Laboratory Confirmed Cases,1341,373,28%,8%,100,1097 (82%)
2020-06-03T04:00:00.000Z,Probable Cases (updated Fridays only),271,2,<1%,0%,3,254 (94%)
2020-06-03T04:00:00.000Z,Confirmed and Probable Cases,1612,375,23%,7%,103,1351 (84%)
2020-06-04T04:00:00.000Z,Laboratory Confirmed Cases,1346,373,28%,8%,100,1101 (82%)
2020-06-04T04:00:00.000Z,Probable Cases (updated Fridays only),271,2,<1%,0%,3,254 (94%)
2020-06-04T04:00:00.000Z,Confirmed and Probable Cases,1617,375,23%,7%,103,1355 (84%)
2020-06-05T04:00:00.000Z,Laboratory Confirmed Cases,1348,373,28%,8%,100,1122 (83%)
2020-06-05T04:00:00.000Z,Probable Cases (updated Fridays only),284,2,<1%,0%,3,270 (95%)
2020-06-05T04:00:00.000Z,Confirmed and Probable Cases,1632,375,23%,6%,103,1392 (85%)
2020-06-08T04:00:00.000Z,Laboratory Confirmed Cases,1351,374,28%,8%,101,1132 (84%)
2020-06-08T04:00:00.000Z,Probable Cases (updated Fridays only),284,2,<1%,0%,3,270 (95%)
2020-06-08T04:00:00.000Z,Confirmed and Probable Cases,1635,376,23%,6%,104,1402 (86%)
2020-06-09T04:00:00.000Z,Laboratory Confirmed Cases,1353,375,28%,8%,101,1155 (85%)
2020-06-09T04:00:00.000Z,Probable Cases (updated Fridays only),284,2,<1%,0%,3,270 (95%)
2020-06-09T04:00:00.000Z,Confirmed and Probable Cases,1637,377,23%,6%,104,1425 (87%)
2020-06-10T04:00:00.000Z,Laboratory Confirmed Cases,1358,375,28%,8%,101,1164 (86%)
2020-06-10T04:00:00.000Z,Probable Cases (updated Fridays only),284,2,<1%,0%,3,270 (95%)
2020-06-10T04:00:00.000Z,Confirmed and Probable Cases,1642,377,23%,7%,104,1434 (87%)
2020-06-11T04:00:00.000Z,Laboratory Confirmed Cases,1366,375,27%,8%,101,1169 (86%)
2020-06-11T04:00:00.000Z,Probable Cases (updated Fridays only),284,2,<1%,0%,3,270 (95%)
2020-06-11T04:00:00.000Z,Confirmed and Probable Cases,1650,377,23%,7%,104,1439 (87%)
2020-06-12T04:00:00.000Z,Laboratory Confirmed Cases,1366,375,27%,8%,101,1178 (86%)
2020-06-12T04:00:00.000Z,Probable Cases (updated Fridays only),301,3,1%,0%,3,287 (95%)
2020-06-12T04:00:00.000Z,Confirmed and Probable Cases,1668,378,23%,6%,104,1465 (88%)
2020-06-15T04:00:00.000Z,Laboratory Confirmed Cases,1378,376,27%,8%,101,1200 (87%)
2020-06-15T04:00:00.000Z,Probable Cases (updated Fridays only),301,3,1%,0%,3,287 (95%)
2020-06-15T04:00:00.000Z,Confirmed and Probable Cases,1679,379,23%,6%,104,1487 (89%)
2020-06-16T04:00:00.000Z,Laboratory Confirmed Cases,1382,375,27%,8%,101,1208 (87%)
2020-06-16T04:00:00.000Z,Probable Cases (updated Fridays only),301,3,1%,0%,3,287 (95%)
2020-06-16T04:00:00.000Z,Confirmed and Probable Cases,1683,378,22%,6%,104,1495 (89%)
2020-06-17T04:00:00.000Z,Laboratory Confirmed Cases,1389,375,27%,8%,101,1207 (87%)
2020-06-17T04:00:00.000Z,Probable Cases (updated Fridays only),301,3,1%,0%,3,287 (95%)
2020-06-17T04:00:00.000Z,Confirmed and Probable Cases,1690,378,22%,6%,104,1494 (89%)
2020-06-18T04:00:00.000Z,Laboratory Confirmed Cases,1394,375,27%,8%,103,1227 (88%)
2020-06-18T04:00:00.000Z,Probable Cases (updated Fridays only),301,3,1%,0%,3,287 (95%)
2020-06-18T04:00:00.000Z,Confirmed and Probable Cases,1695,378,22%,6%,106,1514 (89%)
2020-06-19T04:00:00.000Z,Laboratory Confirmed Cases,1399,375,27%,8%,103,1231 (88%)
2020-06-19T04:00:00.000Z,Probable Cases (updated Fridays only),316,3,1%,0%,3,303 (96%)
2020-06-19T04:00:00.000Z,Confirmed and Probable Cases,1715,378,22%,6%,106,1534 (89%)
2020-06-22T04:00:00.000Z,Laboratory Confirmed Cases,1415,377,27%,8%,103,1235 (87%)
2020-06-22T04:00:00.000Z,Probable Cases (updated Fridays only),316,3,1%,0%,3,303 (96%)
2020-06-22T04:00:00.000Z,Confirmed and Probable Cases,1731,380,22%,6%,106,1538 (89%)
2020-06-23T04:00:00.000Z,Laboratory Confirmed Cases,1419,377,27%,8%,103,1239 (87%)
2020-06-23T04:00:00.000Z,Probable Cases (updated Fridays only),316,4,1%,0%,3,303 (96%)
2020-06-23T04:00:00.000Z,Confirmed and Probable Cases,1735,381,22%,6%,106,1542 (89%)
2020-06-24T04:00:00.000Z,Laboratory Confirmed Cases,1425,378,27%,8%,103,1250 (88%)
2020-06-24T04:00:00.000Z,Probable Cases (updated Fridays only),316,4,1%,0%,3,303 (96%)
2020-06-24T04:00:00.000Z,Confirmed and Probable Cases,1741,382,22%,6%,106,1553 (89%)
2020-06-25T04:00:00.000Z,Laboratory Confirmed Cases,1431,379,26%,8%,103,1255 (88%)
2020-06-25T04:00:00.000Z,Probable Cases (updated Fridays only),316,4,1%,0%,3,303 (96%)
2020-06-25T04:00:00.000Z,Confirmed and Probable Cases,1747,382,22%,6%,106,1558 (89%)
2020-06-26T04:00:00.000Z,Laboratory Confirmed Cases,1440,379,26%,8%,104,1254 (87%)
2020-06-26T04:00:00.000Z,Probable Cases (updated Fridays only),316,4,1%,0%,3,310 (98%)
2020-06-26T04:00:00.000Z,Confirmed and Probable Cases,1756,383,22%,6%,107,1558 (89%)
2020-06-29T04:00:00.000Z,Laboratory Confirmed Cases,1469,380,26%,8%,104,1265 (86%)
2020-06-29T04:00:00.000Z,Probable Cases (updated Fridays only),316,4,1%,0%,3,310 (98%)
2020-06-29T04:00:00.000Z,Confirmed and Probable Cases,1785,384,22%,6%,107,1575 (88%)
2020-06-30T04:00:00.000Z,Laboratory Confirmed Cases,1481,380,26%,8%,105,1265 (86%)
2020-06-30T04:00:00.000Z,Probable Cases (updated Fridays only),316,4,1%,0%,3,310 (98%)
2020-06-30T04:00:00.000Z,Confirmed and Probable Cases,1797,384,21%,6%,108,1575 (88%)
2020-07-01T04:00:00.000Z,Laboratory Confirmed Cases,1493,380,25%,8%,105,1277 (86%)
2020-07-01T04:00:00.000Z,Probable Cases (updated Fridays only),316,4,1%,0%,3,310 (98%)
2020-07-01T04:00:00.000Z,Confirmed and Probable Cases,1809,384,21%,6%,108,1575 (87%)
2020-07-02T04:00:00.000Z,Laboratory Confirmed Cases,1506,381,25%,8%,106,1287 (85%)
2020-07-02T04:00:00.000Z,Probable Cases (updated Fridays only),316,4,1%,0%,3,310 (98%)
2020-07-02T04:00:00.000Z,Confirmed and Probable Cases,1822,385,21%,6%,109,1597 (88%)
2020-07-06T04:00:00.000Z,Laboratory Confirmed Cases,1546,382,25%,7%,106,1295 (84%)
2020-07-06T04:00:00.000Z,Probable Cases (updated Fridays only),335,4,1%,0%,3,313 (93%)
2020-07-06T04:00:00.000Z,Confirmed and Probable Cases,1881,386,21%,6%,109,1608 (85%)
2020-07-07T04:00:00.000Z,Laboratory Confirmed Cases,1561,384,25%,7%,107,1315 (84%)
2020-07-07T04:00:00.000Z,Probable Cases (updated Fridays only),338,4,1%,0%,3,314 (93%)
2020-07-07T04:00:00.000Z,Confirmed and Probable Cases,1899,388,20%,5%,110,1629 (86%)
2020-07-08T04:00:00.000Z,Laboratory Confirmed Cases,1588,385,24%,7%,107,1328 (84%)
2020-07-08T04:00:00.000Z,Probable Cases (updated Fridays only),338,4,1%,0%,3,314 (93%)
2020-07-08T04:00:00.000Z,Confirmed and Probable Cases,1926,389,20%,5%,110,1642 (85%)
2020-07-09T04:00:00.000Z,Laboratory Confirmed Cases,1610,385,24%,7%,107,1342 (83%)
2020-07-09T04:00:00.000Z,Probable Cases (updated Fridays only),338,4,1%,0%,3,314 (93%)
2020-07-09T04:00:00.000Z,Confirmed and Probable Cases,1945,389,20%,6%,110,1655 (85%)
2020-07-10T04:00:00.000Z,Laboratory Confirmed Cases,1647,387,23%,7%,107,1348 (82%)
2020-07-10T04:00:00.000Z,Probable Cases (updated Fridays only),339,4,1%,0%,3,321 (95%)
2020-07-10T04:00:00.000Z,Confirmed and Probable Cases,1986,391,20%,6%,110,1655 (84%)
2020-07-13T04:00:00.000Z,Laboratory Confirmed Cases,1699,388,23%,7%,108,1363 (80%)
2020-07-13T04:00:00.000Z,Probable Cases (updated Fridays only),339,4,1%,0%,3,321 (95%)
2020-07-13T04:00:00.000Z,Confirmed and Probable Cases,2038,392,19%,6%,111,1683 (84%)
2020-07-14T04:00:00.000Z,Laboratory Confirmed Cases,1720,389,23%,7%,108,1387 (81%)
2020-07-14T04:00:00.000Z,Probable Cases (updated Fridays only),339,4,1%,0%,3,321 (95%)
2020-07-14T04:00:00.000Z,Confirmed and Probable Cases,2059,393,19%,6%,111,1708 (83%)
2020-07-15T04:00:00.000Z,Laboratory Confirmed Cases,1749,391,22%,7%,109,1406 (80%)
2020-07-15T04:00:00.000Z,Probable Cases (updated Fridays only),339,4,1%,0%,3,321 (95%)
2020-07-15T04:00:00.000Z,Confirmed and Probable Cases,2088,393,19%,6%,112,1727 (83%)
2020-07-16T04:00:00.000Z,Laboratory Confirmed Cases,1777,395,22%,6%,109,1416 (80%)
2020-07-16T04:00:00.000Z,Probable Cases (updated Fridays only),339,4,1%,0%,3,321 (95%)
2020-07-16T04:00:00.000Z,Confirmed and Probable Cases,2116,399,19%,6%,112,1737 (82%)
2020-07-17T04:00:00.000Z,Laboratory Confirmed Cases,1795,397,22%,6%,109,1448(81%)
2020-07-17T04:00:00.000Z,Probable Cases (updated Fridays only),367,4,1%,0%,3,329 (90%)
2020-07-17T04:00:00.000Z,Confirmed and Probable Cases,2162,401,19%,6%,112,1777 (82%)
2020-07-20T04:00:00.000Z,Laboratory Confirmed Cases,1848,399,22%,6%,110,1484 (80%)
2020-07-20T04:00:00.000Z,Probable Cases (updated Fridays only),367,4,1%,0%,3,329 (90%)
2020-07-20T04:00:00.000Z,Confirmed and Probable Cases,2215,403,18%,5%,113,1813 (82%)
2020-07-21T04:00:00.000Z,Laboratory Confirmed Cases,1865,400,21%,6%,110,1519 (81%)
2020-07-21T04:00:00.000Z,Probable Cases (updated Fridays only),367,4,1%,0%,3,329 (90%)
2020-07-21T04:00:00.000Z,Confirmed and Probable Cases,2232,404,18%,5%,113,1848 (83%)
2020-07-22T04:00:00.000Z,Laboratory Confirmed Cases,1890,403,21%,6%,110,1536 (81%)
2020-07-22T04:00:00.000Z,Probable Cases (updated Fridays only),367,4,1%,0%,3,329 (90%)
2020-07-22T04:00:00.000Z,Confirmed and Probable Cases,2257,407,18%,5%,113,1865 (83%)
2020-07-23T04:00:00.000Z,Laboratory Confirmed Cases,1908,404,21%,6%,109,1574 (82%)
2020-07-23T04:00:00.000Z,Probable Cases (updated Fridays only),367,4,1%,0%,3,329 (90%)
2020-07-23T04:00:00.000Z,Confirmed and Probable Cases,2275,408,18%,5%,112,1903(84%)
2020-07-24T04:00:00.000Z,Laboratory Confirmed Cases,1915,405,21%,6%,109,1593 (83%)
2020-07-24T04:00:00.000Z,Probable Cases (updated Fridays only),397,4,1%,0%,3,344 (87%)
2020-07-24T04:00:00.000Z,Confirmed and Probable Cases,2312,409,18%,4%,112,1937 (84%)
2020-07-27T04:00:00.000Z,Laboratory Confirmed Cases,1987,410,21%,6%,109,1624 (82%)
2020-07-27T04:00:00.000Z,Probable Cases (updated Fridays only),397,4,1%,0%,3,344 (87%)
2020-07-27T04:00:00.000Z,Confirmed and Probable Cases,2384,414,17%,5%,112,1968 (83%)
2020-07-29T04:00:00.000Z,Laboratory Confirmed Cases,2036,415,20%,6%,111,1690 (83%)
2020-07-29T04:00:00.000Z,Probable Cases (updated Fridays only),397,4,1%,0%,3,344 (87%)
2020-07-29T04:00:00.000Z,Confirmed and Probable Cases,2433,419,17%,4%,114,2034 (84%)
2020-07-30T04:00:00.000Z,Laboratory Confirmed Cases,2050,419,20%,6%,112,1696 (83%)
2020-07-30T04:00:00.000Z,Probable Cases (updated Fridays only),397,4,1%,0%,3,344 (87%)
2020-07-30T04:00:00.000Z,Confirmed and Probable Cases,2447,423,17%,4%,115,2040 (83%)
2020-07-31T04:00:00.000Z,Laboratory Confirmed Cases,2070,418,20%,6%,112,1719 (83%)
2020-07-31T04:00:00.000Z,Probable Cases (updated Fridays only),411,4,1%,0%,3,352 (86%)
2020-07-31T04:00:00.000Z,Confirmed and Probable Cases,2481,422,17%,4%,115,2071 (83%)
2020-08-03T04:00:00.000Z,Laboratory Confirmed Cases,2109,423,20%,6%,112,1769 (84%)
2020-08-03T04:00:00.000Z,Probable Cases (updated Fridays only),411,4,1%,0%,3,352 (86%)
2020-08-03T04:00:00.000Z,Confirmed and Probable Cases,2520,427,17%,5%,115,2121 (84%)
2020-08-04T04:00:00.000Z,Laboratory Confirmed Cases,2129,425,20%,6%,112,1798 (84%)
2020-08-04T04:00:00.000Z,Probable Cases (updated Fridays only),411,4,1%,0%,3,352 (86%)
2020-08-04T04:00:00.000Z,Confirmed and Probable Cases,2540,429,17%,4%,115,2150 (85%)
2020-08-05T04:00:00.000Z,Laboratory Confirmed Cases,2158,425,20%,6%,112,1827 (85%)
2020-08-05T04:00:00.000Z,Probable Cases (updated Fridays only),411,4,1%,0%,3,352 (86%)
2020-08-05T04:00:00.000Z,Confirmed and Probable Cases,2569,429,17%,4%,115,2179 (85%)
2020-08-06T04:00:00.000Z,Laboratory Confirmed Cases,2173,425,20%,5%,112,1848 (85%)
2020-08-06T04:00:00.000Z,Probable Cases (updated Fridays only),411,4,1%,0%,3,352 (86%)
2020-08-06T04:00:00.000Z,Confirmed and Probable Cases,2584,429,17%,4%,115,2200 (85%)
2020-08-07T04:00:00.000Z,Laboratory Confirmed Cases,2188,426,19%,5%,112,1874 (86%)
2020-08-07T04:00:00.000Z,Probable Cases (updated Fridays only),430,4,1%,0%,3,377 (88%)
2020-08-07T04:00:00.000Z,Confirmed and Probable Cases,2618,430,16%,4%,115,2251 (86%)
2020-08-10T04:00:00.000Z,Laboratory Confirmed Cases,2238,429,19%,5%,112,1923 (86%)
2020-08-10T04:00:00.000Z,Probable Cases (updated Fridays only),430,4,1%,0%,3,377 (88%)
2020-08-10T04:00:00.000Z,Confirmed and Probable Cases,2668,433,16%,4%,115,2300 (86%)
2020-08-11T04:00:00.000Z,Laboratory Confirmed Cases,2257,430,19%,5%,112,1948 (86%)
2020-08-11T04:00:00.000Z,Probable Cases (updated Fridays only),430,4,1%,0%,3,377 (88%)
2020-08-11T04:00:00.000Z,Confirmed and Probable Cases,2687,433,16%,4%,115,2325 (87%)
2020-08-12T04:00:00.000Z,Laboratory Confirmed Cases,2268,431,19%,5%,112,1981 (87%)
2020-08-12T04:00:00.000Z,Probable Cases (updated Fridays only),430,4,1%,0%,3,377 (88%)
2020-08-12T04:00:00.000Z,Confirmed and Probable Cases,2698,433,16%,4%,115,2358 (87%)
2020-08-13T04:00:00.000Z,Laboratory Confirmed Cases,2295,432,19%,5%,112,2003 (87%)
2020-08-13T04:00:00.000Z,Probable Cases (updated Fridays only),430,4,1%,0%,3,377 (88%)
2020-08-13T04:00:00.000Z,Confirmed and Probable Cases,2725,436,16%,4%,115,2380 (87%)
2020-08-13T04:00:00.000Z,Laboratory Confirmed Cases,2310,435,19%,5%,113,2009 (87%)
2020-08-13T04:00:00.000Z,Probable Cases (updated Fridays only),430,5,1%,0%,3,394 (92%)
2020-08-13T04:00:00.000Z,Confirmed and Probable Cases,2740,438,16%,4%,116,2403 (88%)
2020-08-17T04:00:00.000Z,Laboratory Confirmed Cases,2338,434,19%,5%,113,2057 (88%)
2020-08-17T04:00:00.000Z,Probable Cases (updated Fridays only),430,5,1%,0%,3,394 (92%)
2020-08-17T04:00:00.000Z,Confirmed and Probable Cases,2768,439,16%,4%,116,2451 (89%)
2020-08-18T04:00:00.000Z,Laboratory Confirmed Cases,2348,435,19%,5%,113,2070 (88%)
2020-08-18T04:00:00.000Z,Probable Cases (updated Fridays only),430,5,1%,0%,3,394 (92%)
2020-08-18T04:00:00.000Z,Confirmed and Probable Cases,2778,439,16%,4%,116,2464 (89%)
2020-08-19T04:00:00.000Z,Laboratory Confirmed Cases,2371,436,18%,5%,114,2086 (88%)
2020-08-19T04:00:00.000Z,Probable Cases (updated Fridays only),430,5,1%,0%,3,394 (92%)
2020-08-19T04:00:00.000Z,Confirmed and Probable Cases,2801,441,16%,4%,117,2480 (89%)
2020-08-20T04:00:00.000Z,Laboratory Confirmed Cases,2392,437,18%,5%,114,2110 (88%)
2020-08-20T04:00:00.000Z,Probable Cases (updated Fridays only),430,5,1%,0%,3,394 (92%)
2020-08-20T04:00:00.000Z,Confirmed and Probable Cases,2822,442,16%,4%,117,2504 (89%)
2020-08-21T04:00:00.000Z,Laboratory Confirmed Cases,2397,438,18%,5%,114,2144 (89%)
2020-08-21T04:00:00.000Z,Probable Cases (updated Fridays only),439,5,1%,0%,3,394 (92%)
2020-08-21T04:00:00.000Z,Confirmed and Probable Cases,2836,442,16%,4%,117,2548 (90%)
2020-08-24T04:00:00.000Z,Laboratory Confirmed Cases,2454,439,18%,5%,114,2174 (89%)
2020-08-24T04:00:00.000Z,Probable Cases (updated Fridays only),439,5,1%,0%,3,394 (92%)
2020-08-24T04:00:00.000Z,Confirmed and Probable Cases,2893,444,15%,4%,117,2568 (89%)
2020-08-25T04:00:00.000Z,Laboratory Confirmed Cases,2476,440,18%,5%,114,2196 (89%)
2020-08-25T04:00:00.000Z,Probable Cases (updated Fridays only),439,5,1%,0%,3,394 (92%)
2020-08-25T04:00:00.000Z,Confirmed and Probable Cases,2915,445,15%,4%,117,2600 (89%)
2020-08-26T04:00:00.000Z,Laboratory Confirmed Cases,2499,440,18%,5%,114,2212 (89%)
2020-08-26T04:00:00.000Z,Probable Cases (updated Fridays only),439,5,1%,0%,3,394 (92%)
2020-08-26T04:00:00.000Z,Confirmed and Probable Cases,2938,445,15%,4%,117,2616 (89%)
2020-08-27T04:00:00.000Z,Laboratory Confirmed Cases,2515,440,18%,5%,114,2221 (88%)
2020-08-27T04:00:00.000Z,Probable Cases (updated Fridays only),439,5,1%,0%,3,394 (92%)
2020-08-27T04:00:00.000Z,Confirmed and Probable Cases,2954,445,15%,4%,117,2625 (89%)
2020-08-28T04:00:00.000Z,Laboratory Confirmed Cases,2528,442,17%,5%,114,2244 (89%)
2020-08-28T04:00:00.000Z,Probable Cases (updated Fridays only),440,4,1%,0%,3,410 (93%)
2020-08-28T04:00:00.000Z,Confirmed and Probable Cases,2968,446,15%,3%,117,2654 (89%)
2020-08-31T04:00:00.000Z,Laboratory Confirmed Cases,2572,444,17%,5%,114,2259 (88%)
2020-08-31T04:00:00.000Z,Probable Cases (updated Fridays only),440,4,1%,0%,3,410 (93%)
2020-08-31T04:00:00.000Z,Confirmed and Probable Cases,3012,448,15%,3%,117,2669 (89%)
2020-09-01T04:00:00.000Z,Laboratory Confirmed Cases,2595,444,17%,5%,114,2283 (88%)
2020-09-01T04:00:00.000Z,Probable Cases (updated Fridays only),440,4,1%,0%,3,410 (93%)
2020-09-01T04:00:00.000Z,Confirmed and Probable Cases,3035,448,15%,3%,117,2669 (89%)
2020-09-02T04:00:00.000Z,Laboratory Confirmed Cases,2613,444,17%,5%,114,2295 (88%)
2020-09-02T04:00:00.000Z,Probable Cases (updated Fridays only),440,4,1%,0%,3,410 (93%)
2020-09-02T04:00:00.000Z,Confirmed and Probable Cases,3053,448,15%,3%,117,2705 (89%)
2020-09-03T04:00:00.000Z,Laboratory Confirmed Cases,2629,444,17%,5%,114,2318 (88%)
2020-09-03T04:00:00.000Z,Probable Cases (updated Fridays only),440,4,1%,0%,3,410 (93%)
2020-09-03T04:00:00.000Z,Confirmed and Probable Cases,3069,448,15%,3%,117,2728 (89%)
2020-09-04T04:00:00.000Z,Laboratory Confirmed Cases,2658,445,17%,5%,114,2326 (88%)
2020-09-04T04:00:00.000Z,Probable Cases (updated Fridays only),437,4,1%,0%,3,418 (93%)
2020-09-04T04:00:00.000Z,Confirmed and Probable Cases,3095,449,15%,3%,117,2744 (89%)
2020-09-08T04:00:00.000Z,Laboratory Confirmed Cases,2714,446,16%,5%,114,2357 (87%)
2020-09-08T04:00:00.000Z,Probable Cases (updated Fridays only),437,4,1%,0%,3,418 (96%)
2020-09-08T04:00:00.000Z,Confirmed and Probable Cases,3151,450,14%,3%,117,2775 (88%)
2020-09-09T04:00:00.000Z,Laboratory Confirmed Cases,2738,448,16%,5%,114,2392 (87%)
2020-09-09T04:00:00.000Z,Probable Cases (updated Fridays only),437,4,1%,0%,3,418 (96%)
2020-09-09T04:00:00.000Z,Confirmed and Probable Cases,3175,450,14%,3%,117,2810 (89%)
2020-09-10T04:00:00.000Z,Laboratory Confirmed Cases,2753,449,16%,4%,115,2406 (87%)
2020-09-10T04:00:00.000Z,Probable Cases (updated Fridays only),437,4,1%,0%,3,418 (96%)
2020-09-10T04:00:00.000Z,Confirmed and Probable Cases,3190,453,14%,3%,117,2824 (89%)
2020-09-11T04:00:00.000Z,Laboratory Confirmed Cases,2795,449,16%,4%,114,2428 (87%)
2020-09-11T04:00:00.000Z,Probable Cases (updated Fridays only),449,4,1%,0%,3,424 (94%)
2020-09-11T04:00:00.000Z,Confirmed and Probable Cases,3244,453,14%,3%,117,2852 (88%)
2020-09-14T04:00:00.000Z,Laboratory Confirmed Cases,2853,450,16%,4%,114,2486 (87%)
2020-09-14T04:00:00.000Z,Probable Cases (updated Fridays only),449,4,1%,0%,3,424 (96%)
2020-09-14T04:00:00.000Z,Confirmed and Probable Cases,3302,454,14%,3%,117,2910 (89%)
2020-09-15T04:00:00.000Z,Laboratory Confirmed Cases,2871,451,12%,4%,115,2519 (88%)
2020-09-15T04:00:00.000Z,Probable Cases (updated Thursdays only),449,4,1%,0%,3,424 (94%)
2020-09-15T04:00:00.000Z,Confirmed and Probable Cases,3320,455,14%,4%,118,2943 (89%)
2020-09-16T04:00:00.000Z,Laboratory Confirmed Cases,2882,451,16%,4%,115,2519 (87%)
2020-09-16T04:00:00.000Z,Probable Cases (updated Thursdays only),449,4,1%,0%,3,424 (94%)
2020-09-16T04:00:00.000Z,Confirmed and Probable Cases,3331,455,14%,4%,118,2943 (88%)
2020-09-17T04:00:00.000Z,Laboratory Confirmed Cases,2920,452,15%,4%,115,2563 (88%)
2020-09-17T04:00:00.000Z,Probable Cases (updated Thursdays only),461,4,1%,0%,3,431 (93%)
2020-09-17T04:00:00.000Z,Confirmed and Probable Cases,3381,456,13%,4%,118,2994 (89%)
2020-09-18T04:00:00.000Z,Laboratory Confirmed Cases,2945,452,15%,4%,115,2583 (88%)
2020-09-18T04:00:00.000Z,Probable Cases (updated Thursdays only),461,4,1%,0%,3,431 (93%)
2020-09-18T04:00:00.000Z,Confirmed and Probable Cases,3406,456,13%,4%,118,3014 (88%)
2020-09-21T04:00:00.000Z,Laboratory Confirmed Cases,3007,452,15%,4%,115,2621 (87%)
2020-09-21T04:00:00.000Z,Probable Cases (updated Thursdays only),461,4,1%,0%,3,431 (93%)
2020-09-21T04:00:00.000Z,Confirmed and Probable Cases,3468,456,13%,4%,118,3052 (88%)
2020-09-22T04:00:00.000Z,Laboratory Confirmed Cases,3028,453,15%,4%,115,2647 (87%)
2020-09-22T04:00:00.000Z,Probable Cases (updated Thursdays only),461,4,1%,0%,3,431 (93%)
2020-09-22T04:00:00.000Z,Confirmed and Probable Cases,3489,457,13%,3%,118,3078 (88%)
2020-09-23T04:00:00.000Z,Laboratory Confirmed Cases,3045,455,15%,4%,115,2670 (88%)
2020-09-23T04:00:00.000Z,Probable Cases (updated Thursdays only),461,4,1%,0%,3,431 (93%)
2020-09-23T04:00:00.000Z,Confirmed and Probable Cases,3506,459,13%,3%,118,3101 (88%)
2020-09-24T04:00:00.000Z,Laboratory Confirmed Cases,3091,455,15%,4%,115,2683 (87%)
2020-09-24T04:00:00.000Z,Probable Cases (updated Thursdays only),505,4,1%,0%,3,439 (87%)
2020-09-24T04:00:00.000Z,Confirmed and Probable Cases,3596,459,13%,3%,118,3122 (87%)
2020-09-25T04:00:00.000Z,Laboratory Confirmed Cases,3132,455,15%,4%,115,2699 (86%)
2020-09-25T04:00:00.000Z,Probable Cases (updated Thursdays only),505,4,1%,0%,3,439 (87%)
2020-09-25T04:00:00.000Z,Confirmed and Probable Cases,3637,459,13%,3%,118,3138 (86%)
2020-09-28T04:00:00.000Z,Laboratory Confirmed Cases,3271,455,14%,4%,116,2755 (84%)
2020-09-28T04:00:00.000Z,Probable Cases (updated Thursdays only),505,4,1%,0%,3,439 (87%)
2020-09-28T04:00:00.000Z,Confirmed and Probable Cases,3776,459,12%,3%,119,3194 (85%)
2020-09-29T04:00:00.000Z,Laboratory Confirmed Cases,3342,456,14%,4%,116,2794 (84%)
2020-09-29T04:00:00.000Z,Probable Cases (updated Thursdays only),505,4,1%,0%,3,439 (87%)
2020-09-29T04:00:00.000Z,Confirmed and Probable Cases,3847,460,12%,3%,119,3233 (84%)
2020-09-30T04:00:00.000Z,Laboratory Confirmed Cases,3382,457,14%,4%,116,2811 (83%)
2020-09-30T04:00:00.000Z,Probable Cases (updated Thursdays only),505,4,1%,0%,3,439 (87%)
2020-09-30T04:00:00.000Z,Confirmed and Probable Cases,3887,461,12%,3%,119,3250 (84%)
2020-10-01T04:00:00.000Z,Laboratory Confirmed Cases,3412,457,13%,4%,116,2827 (83%)
2020-10-01T04:00:00.000Z,Probable Cases (updated Thursdays only),501,4,1%,0%,3,454 (91%)
2020-10-01T04:00:00.000Z,Confirmed and Probable Cases,3913,461,12%,3%,119,3281 (84%)
2020-10-02T04:00:00.000Z,Laboratory Confirmed Cases,3459,458,13%,4%,116,2892 (84%)
2020-10-02T04:00:00.000Z,Probable Cases (updated Thursdays only),501,4,1%,0%,3,454 (91%)
2020-10-02T04:00:00.000Z,Confirmed and Probable Cases,3960,462,12%,3%,119,3346 (84%)
2020-10-05T04:00:00.000Z,Laboratory Confirmed Cases,3515,459,13%,3%,116,2988 (85%)
2020-10-05T04:00:00.000Z,Probable Cases (updated Thursdays only),501,4,1%,0%,3,454 (91%)
2020-10-05T04:00:00.000Z,Confirmed and Probable Cases,4016,463,12%,3%,119,3442 (86%)
2020-10-06T04:00:00.000Z,Laboratory Confirmed Cases,3545,461,13%,3%,116,3059 (86%)
2020-10-06T04:00:00.000Z,Probable Cases (updated Thursdays only),501,4,1%,0%,3,454 (91%)
2020-10-06T04:00:00.000Z,Confirmed and Probable Cases,4046,465,11%,3%,119,3513 (87%)
2020-10-07T04:00:00.000Z,Laboratory Confirmed Cases,3583,462,13%,3%,116,3108 (87%)
2020-10-07T04:00:00.000Z,Probable Cases (updated Thursdays only),501,4,1%,0%,3,454 (91%)
2020-10-07T04:00:00.000Z,Confirmed and Probable Cases,4084,466,11%,3%,119,3562 (87%)
2020-10-08T04:00:00.000Z,Laboratory Confirmed Cases,3618,465,13%,3%,116,3140 (87%)
2020-10-08T04:00:00.000Z,Probable Cases (updated Thursdays only),538,4,0.7%,0%,3,480 (89%)
2020-10-08T04:00:00.000Z,Confirmed and Probable Cases,4156,469,11%,2%,119,3620 (87%)
2020-10-09T04:00:00.000Z,Laboratory Confirmed Cases,3654,465,13%,3%,116,3181 (87%)
2020-10-09T04:00:00.000Z,Probable Cases (updated Thursdays only),538,4,0.7%,0%,3,480 (89%)
2020-10-09T04:00:00.000Z,Confirmed and Probable Cases,4192,469,11%,2%,119,3661 (87%)
2020-10-13T04:00:00.000Z,Laboratory Confirmed Cases,3805,467,12%,3%,116,3266 (86%)
2020-10-13T04:00:00.000Z,Probable Cases (updated Thursdays only),538,4,0.7%,0%,3,480 (89%)
2020-10-13T04:00:00.000Z,Confirmed and Probable Cases,4343,471,11%,2%,119,3746 (86%)
2020-10-14T04:00:00.000Z,Laboratory Confirmed Cases,3881,468,12%,3%,116,3303 (85%)
2020-10-14T04:00:00.000Z,Probable Cases (updated Thursdays only),538,4,0.7%,0%,3,480 (89%)
2020-10-14T04:00:00.000Z,Confirmed and Probable Cases,4419,472,11%,3%,119,3783 (86%)
2020-10-15T04:00:00.000Z,Laboratory Confirmed Cases,3960,472,12%,3%,116,3334 (84%)
2020-10-15T04:00:00.000Z,Probable Case (updated Thur only),631,5,0.8%,0%,3,504 (80%)
2020-10-15T04:00:00.000Z,Confirmed and Probable Cases,4591,477,12%,3%,119,3838 (84%)
2020-10-16T04:00:00.000Z,Laboratory Confirmed Cases,4028,473,12%,3%,116,3349 (83%)
2020-10-16T04:00:00.000Z,Probable Case (updated Thur only),631,5,0.8%,0%,3,504 (80%)
2020-10-16T04:00:00.000Z,Confirmed and Probable Cases,4659,478,10%,2%,119,3853 (83%)
2020-10-19T04:00:00.000Z,Laboratory Confirmed Cases,4229,475,11%,3%,116,3484 (82%)
2020-10-19T04:00:00.000Z,Probable Case (updated Thur only),631,5,0.8%,0%,3,504 (80%)
2020-10-19T04:00:00.000Z,Confirmed and Probable Cases,4860,480,10%,2%,119,3988 (82%)
2020-10-20T04:00:00.000Z,Laboratory Confirmed Cases,4316,478,11%,3%,116,3536 (82%)
2020-10-20T04:00:00.000Z,Probable Case (updated Thur only),631,5,0.8%,0%,3,504 (80%)
2020-10-20T04:00:00.000Z,Confirmed and Probable Cases,4947,483,10%,2%,119,4040 (82%)
2020-10-21T04:00:00.000Z,Laboratory Confirmed Cases,4404,479,11%,3%,116,3546 (81%)
2020-10-21T04:00:00.000Z,Probable Case (updated Thur only),631,5,0.8%,0%,3,504 (80%)
2020-10-21T04:00:00.000Z,Confirmed and Probable Cases,5035,484,10%,2%,119,4047 (80%)
2020-10-22T04:00:00.000Z,Laboratory Confirmed Cases,4453,481,11%,3%,116,3721 (84%)
2020-10-22T04:00:00.000Z,Probable Case (updated Thur only),684,4,1%,0%,3,541 (79%)
2020-10-22T04:00:00.000Z,Confirmed and Probable Cases,5137,485,9%,2%,119,4262 (83%)
2020-10-23T04:00:00.000Z,Laboratory Confirmed Cases,4537,485,11%,3%,117,3679 (81%)
2020-10-23T04:00:00.000Z,Probable Cases (updated Thurs only),684,4,1%,0%,3,541 (79%)
2020-10-23T04:00:00.000Z,Confirmed and Probable Cases,5221,489,9%,2%,120,4220 (81%)
2020-10-26T04:00:00.000Z,Laboratory Confirmed Cases,4780,487,10%,3%,117,3863 (81%)
2020-10-26T04:00:00.000Z,Probable Cases (updated Thurs only),684,4,1%,0%,3,541 (79%)
2020-10-26T04:00:00.000Z,Confirmed and Probable Cases,5464,491,9%,2%,120,4404 (81%)
2020-10-27T04:00:00.000Z,Laboratory Confirmed Cases,4867,490,10%,3%,118,3954 (81%)
2020-10-27T04:00:00.000Z,Probable Cases (updated Thurs only),684,4,1%,0%,3,541 (79%)
2020-10-27T04:00:00.000Z,Confirmed and Probable Cases,5551,494,9%,2%,121,4495 (81%)
2020-10-28T04:00:00.000Z,Laboratory Confirmed Cases,4943,490,10%,3%,118,3989 (81%)
2020-10-28T04:00:00.000Z,Probable Cases (updated Thurs only),684,4,1%,0%,3,541 (79%)
2020-10-28T04:00:00.000Z,Confirmed and Probable Cases,5627,494,9%,2%,121,4530 (81%)
2020-10-29T04:00:00.000Z,Laboratory Confirmed Cases,5007,493,10%,3%,118,4043 (81%)
2020-10-29T04:00:00.000Z,Probable Cases (updated Thurs only),755,4,0.5%,0%,3,626 (83%)
2020-10-29T04:00:00.000Z,Confirmed and Probable Cases,5762,497,9%,2%,121,4669 (81%)
2020-10-30T04:00:00.000Z,Laboratory Confirmed Cases,5072,493,10%,3%,119,4118 (81%)
2020-10-30T04:00:00.000Z,Probable Cases (updated Thurs only),755,4,0.5%,0%,3,626 (83%)
2020-10-30T04:00:00.000Z,Confirmed and Probable Cases,5827,497,9%,2%,122,4744 (81%)
2020-11-02T05:00:00.000Z,Laboratory Confirmed Cases,5256,498,9%,2%,119,4118 (81%)
2020-11-02T05:00:00.000Z,Probable Cases (updated Thurs only),755,4,0.5%,0%,3,626 (83%)
2020-11-02T05:00:00.000Z,Confirmed and Probable Cases,6011,502,8%,2%,122,4744 (81%)
2020-11-03T05:00:00.000Z,Laboratory Confirmed Cases,5331,502,9%,2%,119,4405 (83%)
2020-11-03T05:00:00.000Z,Probable Cases (updated Thurs only),755,4,0.5%,0%,3,626 (83%)
2020-11-03T05:00:00.000Z,Confirmed and Probable Cases,6086,506,8%,2%,122,5031(83%)
2020-11-04T05:00:00.000Z,Laboratory Confirmed Cases,5427,506,9%,2%,119,4503 (83%)
2020-11-04T05:00:00.000Z,Probable Cases (updated Thurs only),755,4,0.5%,0%,3,626 (83%)
2020-11-04T05:00:00.000Z,Confirmed and Probable Cases,6182,510,8%,2%,122,5129 (83%)
2020-11-05T05:00:00.000Z,Laboratory Confirmed Cases,5531,511,9%,2%,119,4568 (83%)
2020-11-05T05:00:00.000Z,Probable Cases (updated Thurs only),807,4,0.5%,0%,3,676 (84%)
2020-11-05T05:00:00.000Z,Confirmed and Probable Cases,6338,515,8%,2%,122,5244 (83%)
2020-11-06T05:00:00.000Z,Laboratory Confirmed Cases,5622,512,9%,2%,119,4620 (82%)
2020-11-06T05:00:00.000Z,Probable Cases (updated Thurs only),807,4,0.5%,0%,3,676 (84%)
2020-11-06T05:00:00.000Z,Confirmed and Probable Cases,6429,516,8%,2%,122,5296 (82%)
2020-11-09T05:00:00.000Z,Laboratory Confirmed Cases,5945,523,9%,2%,121,4762 (80%)
2020-11-09T05:00:00.000Z,Probable Cases (updated Thurs only),807,4,0.5%,0%,3,676 (84%)
2020-11-09T05:00:00.000Z,Confirmed and Probable Cases,6752,527,8%,2%,124,5438 (81%)
2020-11-10T05:00:00.000Z,Laboratory Confirmed Cases,6078,532,9%,2%,121,4869 (80%)
2020-11-10T05:00:00.000Z,Probable Cases (updated Thurs only),807,4,0.5%,0%,3,676 (84%)
2020-11-10T05:00:00.000Z,Confirmed and Probable Cases,6885,536,8%,2%,124,5545 (81%)
2020-11-11T05:00:00.000Z,Laboratory Confirmed Cases,6078,532,9%,2%,121,4869 (80%)
2020-11-11T05:00:00.000Z,Probable Cases (updated Thurs only),807,4,0.5%,0%,3,676 (84%)
2020-11-11T05:00:00.000Z,Confirmed and Probable Cases,6885,536,8%,2%,124,5545 (81%)
2020-11-12T05:00:00.000Z,Laboratory Confirmed Cases,6405,541,8%,2%,121,5035 (79%)
2020-11-12T05:00:00.000Z,Probable Cases (updated Thurs only),898,4,0%,0%,3,747 (83%)
2020-11-12T05:00:00.000Z,Confirmed and Probable Cases,7303,545,7%,2%,124,5782 (79%)
2020-11-13T05:00:00.000Z,Laboratory Confirmed Cases,6555,546,8%,2%,123,5213 (80%)
2020-11-13T05:00:00.000Z,Probable Cases (updated Thurs only),898,4,0%,0%,3,747 (83%)
2020-11-13T05:00:00.000Z,Confirmed and Probable Cases,7453,550,7%,1%,126,5960 (80%)
2020-11-16T05:00:00.000Z,Laboratory Confirmed Cases,6961,556,8%,2%,125,5563 (80%)
2020-11-16T05:00:00.000Z,Probable Cases (updated Thurs only),898,4,0%,0%,3,747 (83%)
2020-11-16T05:00:00.000Z,Confirmed and Probable Cases,7859,560,7%,2%,128,6313 (80%)
2020-11-17T05:00:00.000Z,Laboratory Confirmed Cases,7117,572,8%,2%,125,5740 (81%)
2020-11-17T05:00:00.000Z,Probable Cases (updated Thurs only),898,4,0%,0%,3,747 (83%)
2020-11-17T05:00:00.000Z,Confirmed and Probable Cases,8015,576,7%,1%,128,6487 (81%)
2020-11-18T05:00:00.000Z,Laboratory Confirmed Cases,7243,578,8%,2%,125,5829 (80%)
2020-11-18T05:00:00.000Z,Probable Cases (updated Thurs only),898,4,0%,0%,3,747 (83%)
2020-11-18T05:00:00.000Z,Confirmed and Probable Cases,8141,582,7%,2%,128,6579 (81%)
2020-11-19T05:00:00.000Z,Laboratory Confirmed Cases,7391,580,8%,2%,127,5937 (80%)
2020-11-19T05:00:00.000Z,Probable Cases (updated Thurs only),943,5,0.5%,0%,3,825 (87%)
2020-11-19T05:00:00.000Z,Confirmed and Probable Cases,8334,585,7%,2%,130,6762 (81%)
2020-11-20T05:00:00.000Z,Laboratory Confirmed Cases,7653,589,8%,2%,126,6052 (79%)
2020-11-20T05:00:00.000Z,Probable Cases (updated Thurs only),943,5,0.5%,0%,4,825 (87%)
2020-11-20T05:00:00.000Z,Confirmed and Probable Cases,8596,594,7%,1%,130,6877 (80%)
2020-11-23T05:00:00.000Z,Laboratory Confirmed Cases,8123,616,8%,2%,129,6374 (78%)
2020-11-23T05:00:00.000Z,Probable Cases (updated Thurs only),943,5,0.5%,0%,4,825 (87%)
2020-11-23T05:00:00.000Z,Confirmed and Probable Cases,9066,621,7%,2%,133,7199 (79%)
2020-11-24T05:00:00.000Z,Laboratory Confirmed Cases,8303,632,8%,2%,129,6501 (78%)
2020-11-24T05:00:00.000Z,Probable Cases (updated Thurs only),943,5,0.5%,0%,4,825 (87%)
2020-11-24T05:00:00.000Z,Confirmed and Probable Cases,9246,637,7%,2%,133,7326 (79%)
2020-11-25T05:00:00.000Z,Laboratory Confirmed Cases,8368,637,8%,2%,129,6658 (80%)
2020-11-25T05:00:00.000Z,Probable Cases (updated Thurs only),1003,5,0.5%,0%,4,863 (86%)
2020-11-25T05:00:00.000Z,Confirmed and Probable Cases,9371,642,7%,1%,133,7521 (80%)
2020-11-30T05:00:00.000Z,Laboratory Confirmed Cases,9177,670,7%,2%,133,7245 (79%)
2020-11-30T05:00:00.000Z,Probable Cases (updated Thurs only),1003,5,0.5%,0%,4,863 (86%)
2020-11-30T05:00:00.000Z,Confirmed and Probable Cases,10180,675,7%,1%,137,8108 (80%)
2020-12-01T05:00:00.000Z,Laboratory Confirmed Cases,9310,685,7%,2%,134,7343 (79%)
2020-12-01T05:00:00.000Z,Probable Cases (updated Thurs only),1003,5,0.5%,0%,4,863 (86%)
2020-12-01T05:00:00.000Z,Confirmed and Probable Cases,10313,690,7%,1%,138,8206 (80%)
2020-12-02T05:00:00.000Z,Laboratory Confirmed Cases,9458,696,7%,2%,133,7464 (79%)
2020-12-02T05:00:00.000Z,Probable Cases (updated Thurs only),1003,5,0.5%,0%,4,863 (86%)
2020-12-02T05:00:00.000Z,Confirmed and Probable Cases,10461,701,7%,1%,137,8327 (80%)
2020-12-03T05:00:00.000Z,Laboratory Confirmed Cases,9689,704,7%,2%,137,7640 (79%)
2020-12-03T05:00:00.000Z,Probable Cases (updated Thurs only),1096,5,0%,0%,5,914 (83%)
2020-12-03T05:00:00.000Z,Confirmed and Probable Cases,10785,709,7%,1%,142,8554 (79%)
2020-12-04T05:00:00.000Z,Laboratory Confirmed Cases,9774,716,7%,2%,138,7728 (79%)
2020-12-04T05:00:00.000Z,Probable Cases (updated Thurs only),1096,5,0.5%,0%,5,914 (83%)
2020-12-04T05:00:00.000Z,Confirmed and Probable Cases,10870,721,7%,1%,143,8642 (80%)
2020-12-07T05:00:00.000Z,Laboratory Confirmed Cases,10120,737,7%,2%,140,7907 (78%)
2020-12-07T05:00:00.000Z,Probable Cases (updated Thurs only),1096,5,0.5%,0%,5,914 (83%)
2020-12-07T05:00:00.000Z,Confirmed and Probable Cases,11216,742,7%,1%,145,8821 (79%)
2020-12-08T05:00:00.000Z,Laboratory Confirmed Cases,10300,746,7%,1%,144,7981 (77%)
2020-12-08T05:00:00.000Z,Probable Cases (updated Thurs only),1096,5,0.5%,0%,5,914 (83%)
2020-12-08T05:00:00.000Z,Confirmed and Probable Cases,11396,751,7%,1%,149,8895 (78%)
2020-12-09T05:00:00.000Z,Laboratory Confirmed Cases,10432,760,7%,2%,145,8069 (77%)
2020-12-09T05:00:00.000Z,Probable Cases (updated Thurs only),1096,5,0.5%,0%,5,914 (83%)
2020-12-09T05:00:00.000Z,Confirmed and Probable Cases,11528,765,7%,1%,150,8983 (78%)
2020-12-10T05:00:00.000Z,Laboratory Confirmed Cases,10601,772,7%,2%,147,8182 (77%)
2020-12-10T05:00:00.000Z,Probable Cases (updated Thurs only),1151,5,0.4%,0%,6,980 (85%)
2020-12-10T05:00:00.000Z,Confirmed and Probable Cases,11752,777,7%,1%,153,9162 (78%)
2020-12-11T05:00:00.000Z,Laboratory Confirmed Cases,10722,778,7%,1%,149,8223 (77%)
2020-12-11T05:00:00.000Z,Probable Cases (updated Thurs only),1151,5,0.4%,0%,6,980 (85%)
2020-12-11T05:00:00.000Z,Confirmed and Probable Cases,11873,783,7%,1%,155,9197 (77%)
2020-12-14T05:00:00.000Z,Laboratory Confirmed Cases,11072,793,7%,1%,153,8378 (76%)
2020-12-14T05:00:00.000Z,Probable Cases (updated Thurs only),1151,5,0.4%,0%,6,980 (85%)
2020-12-14T05:00:00.000Z,Confirmed and Probable Cases,12223,798,7%,1%,159,9358 (77%)
2020-12-15T05:00:00.000Z,Laboratory Confirmed Cases,11310,808,7%,1%,155,8430 (75%)
2020-12-15T05:00:00.000Z,Probable Cases (updated Thurs only),1151,5,0.4%,0%,5,914 (79%)
2020-12-15T05:00:00.000Z,Confirmed and Probable Cases,12461,813,7%,1%,160,9344 (75%)
2020-12-16T05:00:00.000Z,Laboratory Confirmed Cases,11402,819,7%,1%,159,8528 (75%)
2020-12-16T05:00:00.000Z,Probable Cases (updated Thurs only),1151,5,0.4%,0%,5,914 (79%)
2020-12-16T05:00:00.000Z,Confirmed and Probable Cases,12553,824,7%,1%,164,9442 (75%)
2020-12-17T05:00:00.000Z,Laboratory Confirmed Cases,11511,820,7%,1%,160,8586 (75%)
2020-12-17T05:00:00.000Z,Probable Cases (updated Thurs only),1211,5,0%,0%,6,959 (79%)
2020-12-17T05:00:00.000Z,Confirmed and Probable Cases,12722,825,6%,1%,166,9545 (75%)
2020-12-18T05:00:00.000Z,Laboratory Confirmed Cases,11616,829,7%,1%,163,8719 (75%)
2020-12-18T05:00:00.000Z,Probable Cases (updated Thurs only),1211,5,0%,0%,6,959 (79%)
2020-12-18T05:00:00.000Z,Confirmed and Probable Cases,12827,834,7%,1%,169,9678 (75%)
2020-12-21T05:00:00.000Z,Laboratory Confirmed Cases,11796,855,7%,1%,165,8919 (76%)
2020-12-21T05:00:00.000Z,Probable Cases (updated Thurs only),1211,5,0%,0%,6,959 (79%)
2020-12-21T05:00:00.000Z,Confirmed and Probable Cases,13007,860,7%,1%,171,9878 (76%)
2020-12-22T05:00:00.000Z,Laboratory Confirmed Cases,11948,864,7%,1%,171,8972 (75%)
2020-12-22T05:00:00.000Z,Probable Cases (updated Thurs only),1211,5,0%,0%,6,959 (79%)
2020-12-22T05:00:00.000Z,Confirmed and Probable Cases,13159,869,7%,1%,177,9931 (75%)
2020-12-23T05:00:00.000Z,Laboratory Confirmed Cases,11948,864,7%,1%,171,8972 (75%)
2020-12-23T05:00:00.000Z,Probable Cases (updated Thurs only),1211,5,0%,0%,6,959 (79%)
2020-12-23T05:00:00.000Z,Confirmed and Probable Cases,13159,869,7%,1%,177,9931 (75%)
2020-12-28T05:00:00.000Z,Laboratory Confirmed Cases,12351,904,7%,1%,180,9405 (76%)
2020-12-28T05:00:00.000Z,Probable Cases (updated Thurs only),1211,5,0%,0%,6,959 (79%)
2020-12-28T05:00:00.000Z,Confirmed and Probable Cases,13562,909,7%,1%,186,10364 (76%)
2020-12-29T05:00:00.000Z,Laboratory Confirmed Cases,12440,908,7%,1%,182,9410 (76%)
2020-12-29T05:00:00.000Z,Probable Cases (updated Thurs only),1211,5,0%,0%,6,959 (79%)
2020-12-29T05:00:00.000Z,Confirmed and Probable Cases,13651,913,7%,1%,188,10369 (76%)
2020-12-30T05:00:00.000Z,Laboratory Confirmed Cases,12528,916,7%,1%,183,9591 (77%)
2020-12-30T05:00:00.000Z,Probable Cases (updated Thurs only),1293,5,0.4%,0%,9,1040 (80%)
2020-12-30T05:00:00.000Z,Confirmed and Probable Cases,13821,921,7%,1%,192,10631 (77%)
2021-01-04T05:00:00.000Z,Laboratory Confirmed Cases,12961,958,7%,1%,188,9942 (77%)
2021-01-04T05:00:00.000Z,Probable Cases (updated Thurs only),1293,5,0.4%,0%,9,1040 (80%)
2021-01-04T05:00:00.000Z,Confirmed and Probable Cases,14254,963,7%,1%,197,10982 (77%)
2021-01-05T05:00:00.000Z,Laboratory Confirmed Cases,13059,966,7%,1%,193,10068 (77%)
2021-01-05T05:00:00.000Z,Probable Cases (updated Thurs only),1293,5,0.4%,0%,9,1040 (80%)
2021-01-05T05:00:00.000Z,Confirmed and Probable Cases,14352,971,7%,1%,202,11099 (77%)
2021-01-06T05:00:00.000Z,Laboratory Confirmed Cases,13169,970,7%,1%,195,10319 (78%)
2021-01-06T05:00:00.000Z,Probable Cases (updated Thurs only),1293,5,0.4%,0%,9,1040 (80%)
2021-01-06T05:00:00.000Z,Confirmed and Probable Cases,14462,975,7%,1%,204,11359 (79%)
2021-01-07T05:00:00.000Z,Laboratory Confirmed Cases,13307,979,7%,1%,198,10498 (79%)
2021-01-07T05:00:00.000Z,Probable Cases (updated Thurs only),1358,5,0.4%,0%,9,1061 (78%)
2021-01-07T05:00:00.000Z,Confirmed and Probable Cases,14665,984,7%,1%,207,11559 (79%)
2021-01-08T05:00:00.000Z,Laboratory Confirmed Cases,13449,988,7%,1%,199,10552 (78%)
2021-01-08T05:00:00.000Z,Probable Cases (updated Thurs only),1358,5,0.4%,0%,9,1061 (78%)
2021-01-08T05:00:00.000Z,Confirmed and Probable Cases,14807,993,7%,1%,208,11613 (78%)
2021-01-11T05:00:00.000Z,Laboratory Confirmed Cases,13695,1000,7%,1%,202,11053 (81%)
2021-01-11T05:00:00.000Z,Probable Cases (updated Thurs only),1358,5,0.4%,0%,9,1061 (78%)
2021-01-11T05:00:00.000Z,Confirmed and Probable Cases,15053,1005,7%,1%,211,12114 (80%)
2021-01-12T05:00:00.000Z,Laboratory Confirmed Cases,13793,1006,7%,1%,204,11328 (82%)
2021-01-12T05:00:00.000Z,Probable Cases (updated Thurs only),1358,5,0.4%,0%,9,1061 (78%)
2021-01-12T05:00:00.000Z,Confirmed and Probable Cases,15151,1011,7%,1%,213,12389 (82%)
2021-01-13T05:00:00.000Z,Laboratory Confirmed Cases,13836,1015,7%,1%,205,11577 (84%)
2021-01-13T05:00:00.000Z,Probable Cases (updated Thurs only),1358,5,0.4%,0%,9,1061 (78%)
2021-01-13T05:00:00.000Z,Confirmed and Probable Cases,15194,1020,7%,1%,214,12638 (83%)
2021-01-14T05:00:00.000Z,Laboratory Confirmed Cases,13966,1020,7%,1%,207,11775 (84%)
2021-01-14T05:00:00.000Z,Probable Cases (updated Thurs only),1395,5,0%,0%,9,1197 (86%)
2021-01-14T05:00:00.000Z,Confirmed and Probable Cases,15361,1025,7%,1%,216,12972 (84%)
2021-01-15T05:00:00.000Z,Laboratory Confirmed Cases,14045,1021,7%,1%,207,12074 (86%)
2021-01-15T05:00:00.000Z,Probable Cases (updated Thurs only),1395,5,0%,0%,9,1197 (86%)
2021-01-15T05:00:00.000Z,Confirmed and Probable Cases,15440,1026,7%,1%,216,13271 (86%)
2021-01-19T05:00:00.000Z,Laboratory Confirmed Cases,14310,1035,7%,1%,208,12774 (89%)
2021-01-19T05:00:00.000Z,Probable Cases (updated Thurs only),1395,5,0%,0%,9,1197 (86%)
2021-01-19T05:00:00.000Z,Confirmed and Probable Cases,15705,1040,7%,1%,217,13971 (89%)
2021-01-20T05:00:00.000Z,Laboratory Confirmed Cases,14373,1038,7%,1%,209,12849 (89%)
2021-01-20T05:00:00.000Z,Probable Cases (updated Thurs only),1395,5,0%,0%,9,1197 (86%)
2021-01-20T05:00:00.000Z,Confirmed and Probable Cases,15768,1043,7%,1%,218,14046 (89%)
2021-01-21T05:00:00.000Z,Laboratory Confirmed Cases,14435,1039,7%,1%,210,12920 (90%)
2021-01-21T05:00:00.000Z,Probable Cases (updated Thurs only),1466,6,0.4%,0%,9,1280 (87%)
2021-01-21T05:00:00.000Z,Confirmed and Probable Cases,15901,1045,7%,1%,219,14200 (89%)
2021-01-22T05:00:00.000Z,Laboratory Confirmed Cases,14496,1041,7%,1%,211,13135 (91%)
2021-01-22T05:00:00.000Z,Probable Cases (updated Thurs only),1466,6,0.4%,0%,9,1280 (87%)
2021-01-22T05:00:00.000Z,Confirmed and Probable Cases,15962,1047,7%,1%,220,14415 (90%)
2021-01-25T05:00:00.000Z,Laboratory Confirmed Cases,14682,1052,7%,1%,211,13348(91%)
2021-01-25T05:00:00.000Z,Probable Cases (updated Thurs only),1466,6,0.4%,0%,9,1280 (87%)
2021-01-25T05:00:00.000Z,Confirmed and Probable Cases,16148,1058,7%,1%,220,14628 (91%)
2021-01-26T05:00:00.000Z,Laboratory Confirmed Cases,14816,1057,7%,1%,213,13582 (92%)
2021-01-26T05:00:00.000Z,Probable Cases (updated Thurs only),1466,6,0.4%,0%,9,1280 (87%)
2021-01-26T05:00:00.000Z,Confirmed and Probable Cases,16282,1063,7%,1%,222,14862 (91%)
2021-01-27T05:00:00.000Z,Laboratory Confirmed Cases,14908,1062,7%,1%,214,13661 (92%)
2021-01-27T05:00:00.000Z,Probable Cases (updated Thurs only),1466,6,0.4%,0%,9,1280 (87%)
2021-01-27T05:00:00.000Z,Confirmed and Probable Cases,16374,1068,7%,1%,223,14941 (91%)
2021-01-28T05:00:00.000Z,Laboratory Confirmed Cases,15064,1062,7%,1%,218,13751 (91%)
2021-01-28T05:00:00.000Z,Probable Cases (updated Thurs only),1511,6,0.4%,0%,9,1292 (86%)
2021-01-28T05:00:00.000Z,Confirmed and Probable Cases,16575,1068,6%,1%,227,15043 (91%)
2021-01-29T05:00:00.000Z,Laboratory Confirmed Cases,15211,1062,7%,1%,218,13821 (91%)
2021-01-29T05:00:00.000Z,Probable Cases (updated Thurs only),1511,6,0.4%,0%,9,1292 (86%)
2021-01-29T05:00:00.000Z,Confirmed and Probable Cases,16722,1068,6%,1%,227,15113 (90%)
2021-02-01T05:00:00.000Z,Laboratory Confirmed Cases,15444,1063,7%,1%,220,14070 (91%)
2021-02-01T05:00:00.000Z,Probable Cases (updated Thurs only),1511,6,0.4%,0%,9,1292 (86%)
2021-02-01T05:00:00.000Z,Confirmed and Probable Cases,16955,1069,6%,1%,229,15362 (91%)
2021-02-02T05:00:00.000Z,Laboratory Confirmed Cases,15541,1069,7%,1%,220,14175 (91%)
2021-02-02T05:00:00.000Z,Probable Cases (updated Thurs only),1511,6,0.4%,0%,9,1292 (86%)
2021-02-02T05:00:00.000Z,Confirmed and Probable Cases,17052,1075,6%,1%,229,15467 (91%)
2021-02-03T05:00:00.000Z,Laboratory Confirmed Cases,15610,1074,7%,1%,220,14276 (91%)
2021-02-03T05:00:00.000Z,Probable Cases (updated Thurs only),1511,6,0.4%,0%,9,1292 (86%)
2021-02-03T05:00:00.000Z,Confirmed and Probable Cases,17121,1080,6%,1%,229,15568 (91%)
2021-02-04T05:00:00.000Z,Laboratory Confirmed Cases,15736,1080,7%,1%,221,14351 (91%)
2021-02-04T05:00:00.000Z,Probable Cases (updated Thurs only),1561,6,0.4%,0%,9,1364 (87%)
2021-02-04T05:00:00.000Z,Confirmed and Probable Cases,17297,1086,6%,1%,230,15715 (91%)
2021-02-08T05:00:00.000Z,Laboratory Confirmed Cases,16104,1097,7%,1%,224,14774 (92%)
2021-02-08T05:00:00.000Z,Probable Cases (updated Thurs only),1561,6,0.4%,0%,9,1364 (87%)
2021-02-08T05:00:00.000Z,Confirmed and Probable Cases,17665,1103,6%,1%,233,16138 (91%)
2021-02-09T05:00:00.000Z,Laboratory Confirmed Cases,16063,1095,7%,1%,225,14834 (92%)
2021-02-09T05:00:00.000Z,Probable Cases (updated Thurs only),1561,6,0.4%,0%,9,1364 (87%)
2021-02-09T05:00:00.000Z,Confirmed and Probable Cases,17624,1101,6%,1%,234,16198 (92%)
2021-02-10T05:00:00.000Z,Laboratory Confirmed Cases,16111,1099,7%,1%,225,14902 (92%)
2021-02-10T05:00:00.000Z,Probable Cases (updated Thurs only),1561,6,0.4%,0%,9,1364 (87%)
2021-02-10T05:00:00.000Z,Confirmed and Probable Cases,17672,1105,6%,1%,234,16266 (92%)
2021-02-11T05:00:00.000Z,Laboratory Confirmed Cases,16209,1099,7%,1%,226,14944 (92%)
2021-02-11T05:00:00.000Z,Probable Cases (updated Thurs only),1593,6,0%,0%,9,1364 (86%)
2021-02-11T05:00:00.000Z,Confirmed and Probable Cases,17802,1105,6%,1%,235,16308 (92%)
2021-02-12T05:00:00.000Z,Laboratory Confirmed Cases,16319,1099,7%,1%,226,15040 (92%)
2021-02-12T05:00:00.000Z,Probable Cases (updated Thurs only),1593,6,0%,0%,9,1364 (86%)
2021-02-12T05:00:00.000Z,Confirmed and Probable Cases,17912,1105,6%,1%,235,16404 (92%)
