date,dataLabel,value
2020-07-31T04:00:00.000Z,Number of cases,265
2020-07-31T04:00:00.000Z,% hospitalized,7%
2020-07-31T04:00:00.000Z,Number of Deaths,2
2020-07-31T04:00:00.000Z,% Asian,2%
2020-07-31T04:00:00.000Z,% Black or African American,19%
2020-07-31T04:00:00.000Z,% White,66%
2020-07-31T04:00:00.000Z,% Other or Unknown Race,13%
2020-07-31T04:00:00.000Z,% Hispanic or Latino (all races),4%
2020-07-31T04:00:00.000Z,% Reside in congregate living,1%
2020-07-31T04:00:00.000Z,% Under 30 years,45%
2020-07-31T04:00:00.000Z,% Over 65 years,12%
2020-08-03T04:00:00.000Z,Number of cases,265
2020-08-03T04:00:00.000Z,% hospitalized,7%
2020-08-03T04:00:00.000Z,Number of Deaths,2
2020-08-03T04:00:00.000Z,% Asian,2%
2020-08-03T04:00:00.000Z,% Black or African American,19%
2020-08-03T04:00:00.000Z,% White,66%
2020-08-03T04:00:00.000Z,% Other or Unknown Race,13%
2020-08-03T04:00:00.000Z,% Hispanic or Latino (all races),4%
2020-08-03T04:00:00.000Z,% Reside in congregate living,1%
2020-08-03T04:00:00.000Z,% Under 30 years,45%
2020-08-03T04:00:00.000Z,% Over 65 years,12%
2020-08-04T04:00:00.000Z,Number of cases,265
2020-08-04T04:00:00.000Z,% hospitalized,7%
2020-08-04T04:00:00.000Z,Number of Deaths,2
2020-08-04T04:00:00.000Z,% Asian,2%
2020-08-04T04:00:00.000Z,% Black or African American,19%
2020-08-04T04:00:00.000Z,% White,66%
2020-08-04T04:00:00.000Z,% Other or Unknown Race,13%
2020-08-04T04:00:00.000Z,% Hispanic or Latino (all races),4%
2020-08-04T04:00:00.000Z,% Reside in congregate living,1%
2020-08-04T04:00:00.000Z,% Under 30 years,45%
2020-08-04T04:00:00.000Z,% Over 65 years,12%
2020-08-05T04:00:00.000Z,Number of cases,265
2020-08-05T04:00:00.000Z,% hospitalized,7%
2020-08-05T04:00:00.000Z,Number of Deaths,2
2020-08-05T04:00:00.000Z,% Asian,2%
2020-08-05T04:00:00.000Z,% Black or African American,19%
2020-08-05T04:00:00.000Z,% White,66%
2020-08-05T04:00:00.000Z,% Other or Unknown Race,13%
2020-08-05T04:00:00.000Z,% Hispanic or Latino (all races),4%
2020-08-05T04:00:00.000Z,% Reside in congregate living,1%
2020-08-05T04:00:00.000Z,% Under 30 years,45%
2020-08-05T04:00:00.000Z,% Over 65 years,12%
2020-08-06T04:00:00.000Z,Number of cases,265
2020-08-06T04:00:00.000Z,% hospitalized,7%
2020-08-06T04:00:00.000Z,Number of Deaths,2
2020-08-06T04:00:00.000Z,% Asian,2%
2020-08-06T04:00:00.000Z,% Black or African American,19%
2020-08-06T04:00:00.000Z,% White,66%
2020-08-06T04:00:00.000Z,% Other or Unknown Race,13%
2020-08-06T04:00:00.000Z,% Hispanic or Latino (all races),4%
2020-08-06T04:00:00.000Z,% Reside in congregate living,1%
2020-08-06T04:00:00.000Z,% Under 30 years,45%
2020-08-06T04:00:00.000Z,% Over 65 years,12%
2020-08-07T04:00:00.000Z,Number of cases,254
2020-08-07T04:00:00.000Z,% hospitalized,6%
2020-08-07T04:00:00.000Z,Number of Deaths,1
2020-08-07T04:00:00.000Z,% Asian,2%
2020-08-07T04:00:00.000Z,% Black or African American,15%
2020-08-07T04:00:00.000Z,% White,74%
2020-08-07T04:00:00.000Z,% Other or Unknown Race,10%
2020-08-07T04:00:00.000Z,% Hispanic or Latino (all races),5%
2020-08-07T04:00:00.000Z,% Reside in congregate living,2%
2020-08-07T04:00:00.000Z,% Under 30 years,50%
2020-08-07T04:00:00.000Z,% Over 65 years,11%
2020-08-10T04:00:00.000Z,Number of cases,254
2020-08-10T04:00:00.000Z,% hospitalized,6%
2020-08-10T04:00:00.000Z,Number of Deaths,1
2020-08-10T04:00:00.000Z,% Asian,2%
2020-08-10T04:00:00.000Z,% Black or African American,15%
2020-08-10T04:00:00.000Z,% White,74%
2020-08-10T04:00:00.000Z,% Other or Unknown Race,10%
2020-08-10T04:00:00.000Z,% Hispanic or Latino (all races),5%
2020-08-10T04:00:00.000Z,% Reside in congregate living,2%
2020-08-10T04:00:00.000Z,% Under 30 years,50%
2020-08-10T04:00:00.000Z,% Over 65 years,11%
2020-08-11T04:00:00.000Z,Number of cases,254
2020-08-11T04:00:00.000Z,% hospitalized,6%
2020-08-11T04:00:00.000Z,Number of Deaths,1
2020-08-11T04:00:00.000Z,% Asian,2%
2020-08-11T04:00:00.000Z,% Black or African American,15%
2020-08-11T04:00:00.000Z,% White,74%
2020-08-11T04:00:00.000Z,% Other or Unknown Race,10%
2020-08-11T04:00:00.000Z,% Hispanic or Latino (all races),5%
2020-08-11T04:00:00.000Z,% Reside in congregate living,2%
2020-08-11T04:00:00.000Z,% Under 30 years,50%
2020-08-11T04:00:00.000Z,% Over 65 years,11%
2020-08-12T04:00:00.000Z,Number of cases,254
2020-08-12T04:00:00.000Z,% hospitalized,6%
2020-08-12T04:00:00.000Z,Number of Deaths,1
2020-08-12T04:00:00.000Z,% Asian,2%
2020-08-12T04:00:00.000Z,% Black or African American,15%
2020-08-12T04:00:00.000Z,% White,74%
2020-08-12T04:00:00.000Z,% Other or Unknown Race,10%
2020-08-12T04:00:00.000Z,% Hispanic or Latino (all races),5%
2020-08-12T04:00:00.000Z,% Reside in congregate living,2%
2020-08-12T04:00:00.000Z,% Under 30 years,50%
2020-08-12T04:00:00.000Z,% Over 65 years,11%
2020-08-13T04:00:00.000Z,Number of cases,254
2020-08-13T04:00:00.000Z,% hospitalized,6%
2020-08-13T04:00:00.000Z,Number of Deaths,1
2020-08-13T04:00:00.000Z,% Asian,2%
2020-08-13T04:00:00.000Z,% Black or African American,15%
2020-08-13T04:00:00.000Z,% White,74%
2020-08-13T04:00:00.000Z,% Other or Unknown Race,10%
2020-08-13T04:00:00.000Z,% Hispanic or Latino (all races),5%
2020-08-13T04:00:00.000Z,% Reside in congregate living,2%
2020-08-13T04:00:00.000Z,% Under 30 years,50%
2020-08-13T04:00:00.000Z,% Over 65 years,11%
2020-08-13T04:00:00.000Z,Number of cases,224
2020-08-13T04:00:00.000Z,% hospitalized,3%
2020-08-13T04:00:00.000Z,Number of Deaths,1
2020-08-13T04:00:00.000Z,% Asian,6%
2020-08-13T04:00:00.000Z,% Black or African American,15%
2020-08-13T04:00:00.000Z,% White,67%
2020-08-13T04:00:00.000Z,% Other or Unknown Race,13%
2020-08-13T04:00:00.000Z,% Hispanic or Latino (all races),7%
2020-08-13T04:00:00.000Z,% Reside in congregate living,1%
2020-08-13T04:00:00.000Z,% Under 30 years,57%
2020-08-13T04:00:00.000Z,% Over 65 years,8%
2020-08-17T04:00:00.000Z,Number of cases,224
2020-08-17T04:00:00.000Z,% hospitalized,3%
2020-08-17T04:00:00.000Z,Number of Deaths,1
2020-08-17T04:00:00.000Z,% Asian,6%
2020-08-17T04:00:00.000Z,% Black or African American,15%
2020-08-17T04:00:00.000Z,% White,67%
2020-08-17T04:00:00.000Z,% Other or Unknown Race,13%
2020-08-17T04:00:00.000Z,% Hispanic or Latino (all races),7%
2020-08-17T04:00:00.000Z,% Reside in congregate living,1%
2020-08-17T04:00:00.000Z,% Under 30 years,57%
2020-08-17T04:00:00.000Z,% Over 65 years,8%
2020-08-18T04:00:00.000Z,Number of cases,224
2020-08-18T04:00:00.000Z,% hospitalized,3%
2020-08-18T04:00:00.000Z,Number of Deaths,1
2020-08-18T04:00:00.000Z,% Asian,6%
2020-08-18T04:00:00.000Z,% Black or African American,15%
2020-08-18T04:00:00.000Z,% White,67%
2020-08-18T04:00:00.000Z,% Other or Unknown Race,13%
2020-08-18T04:00:00.000Z,% Hispanic or Latino (all races),7%
2020-08-18T04:00:00.000Z,% Reside in congregate living,1%
2020-08-18T04:00:00.000Z,% Under 30 years,57%
2020-08-18T04:00:00.000Z,% Over 65 years,8%
2020-08-19T04:00:00.000Z,Number of cases,224
2020-08-19T04:00:00.000Z,% hospitalized,3%
2020-08-19T04:00:00.000Z,Number of Deaths,1
2020-08-19T04:00:00.000Z,% Asian,6%
2020-08-19T04:00:00.000Z,% Black or African American,15%
2020-08-19T04:00:00.000Z,% White,67%
2020-08-19T04:00:00.000Z,% Other or Unknown Race,13%
2020-08-19T04:00:00.000Z,% Hispanic or Latino (all races),7%
2020-08-19T04:00:00.000Z,% Reside in congregate living,1%
2020-08-19T04:00:00.000Z,% Under 30 years,57%
2020-08-19T04:00:00.000Z,% Over 65 years,8%
2020-08-20T04:00:00.000Z,Number of cases,224
2020-08-20T04:00:00.000Z,% hospitalized,3%
2020-08-20T04:00:00.000Z,Number of Deaths,1
2020-08-20T04:00:00.000Z,% Asian,6%
2020-08-20T04:00:00.000Z,% Black or African American,15%
2020-08-20T04:00:00.000Z,% White,67%
2020-08-20T04:00:00.000Z,% Other or Unknown Race,13%
2020-08-20T04:00:00.000Z,% Hispanic or Latino (all races),7%
2020-08-20T04:00:00.000Z,% Reside in congregate living,1%
2020-08-20T04:00:00.000Z,% Under 30 years,57%
2020-08-20T04:00:00.000Z,% Over 65 years,8%
2020-08-21T04:00:00.000Z,Number of cases,196
2020-08-21T04:00:00.000Z,% hospitalized,5%
2020-08-21T04:00:00.000Z,Number of Deaths,0
2020-08-21T04:00:00.000Z,% Asian,6%
2020-08-21T04:00:00.000Z,% Black or African American,13%
2020-08-21T04:00:00.000Z,% White,67%
2020-08-21T04:00:00.000Z,% Other or Unknown Race,13%
2020-08-21T04:00:00.000Z,% Hispanic or Latino (all races),10%
2020-08-21T04:00:00.000Z,% Reside in congregate living,1%
2020-08-21T04:00:00.000Z,% Under 30 years,60%
2020-08-21T04:00:00.000Z,% Over 65 years,5%
2020-08-24T04:00:00.000Z,Number of cases,196
2020-08-24T04:00:00.000Z,% hospitalized,5%
2020-08-24T04:00:00.000Z,Number of Deaths,0
2020-08-24T04:00:00.000Z,% Asian,6%
2020-08-24T04:00:00.000Z,% Black or African American,13%
2020-08-24T04:00:00.000Z,% White,67%
2020-08-24T04:00:00.000Z,% Other or Unknown Race,13%
2020-08-24T04:00:00.000Z,% Hispanic or Latino (all races),10%
2020-08-24T04:00:00.000Z,% Reside in congregate living,1%
2020-08-24T04:00:00.000Z,% Under 30 years,60%
2020-08-24T04:00:00.000Z,% Over 65 years,5%
2020-08-25T04:00:00.000Z,Number of cases,196
2020-08-25T04:00:00.000Z,% hospitalized,5%
2020-08-25T04:00:00.000Z,Number of Deaths,0
2020-08-25T04:00:00.000Z,% Asian,6%
2020-08-25T04:00:00.000Z,% Black or African American,13%
2020-08-25T04:00:00.000Z,% White,67%
2020-08-25T04:00:00.000Z,% Other or Unknown Race,13%
2020-08-25T04:00:00.000Z,% Hispanic or Latino (all races),10%
2020-08-25T04:00:00.000Z,% Reside in congregate living,1%
2020-08-25T04:00:00.000Z,% Under 30 years,60%
2020-08-25T04:00:00.000Z,% Over 65 years,5%
2020-08-26T04:00:00.000Z,Number of cases,196
2020-08-26T04:00:00.000Z,% hospitalized,5%
2020-08-26T04:00:00.000Z,Number of Deaths,0
2020-08-26T04:00:00.000Z,% Asian,6%
2020-08-26T04:00:00.000Z,% Black or African American,13%
2020-08-26T04:00:00.000Z,% White,67%
2020-08-26T04:00:00.000Z,% Other or Unknown Race,13%
2020-08-26T04:00:00.000Z,% Hispanic or Latino (all races),10%
2020-08-26T04:00:00.000Z,% Reside in congregate living,1%
2020-08-26T04:00:00.000Z,% Under 30 years,60%
2020-08-26T04:00:00.000Z,% Over 65 years,5%
2020-08-27T04:00:00.000Z,Number of cases,196
2020-08-27T04:00:00.000Z,% hospitalized,5%
2020-08-27T04:00:00.000Z,Number of Deaths,0
2020-08-27T04:00:00.000Z,% Asian,6%
2020-08-27T04:00:00.000Z,% Black or African American,13%
2020-08-27T04:00:00.000Z,% White,67%
2020-08-27T04:00:00.000Z,% Other or Unknown Race,13%
2020-08-27T04:00:00.000Z,% Hispanic or Latino (all races),10%
2020-08-27T04:00:00.000Z,% Reside in congregate living,1%
2020-08-27T04:00:00.000Z,% Under 30 years,60%
2020-08-27T04:00:00.000Z,% Over 65 years,5%
2020-08-28T04:00:00.000Z,Number of cases,214
2020-08-28T04:00:00.000Z,Weekly test positivity rate (from MI Safe Start),1.8%
2020-08-28T04:00:00.000Z,% hospitalized,4%
2020-08-28T04:00:00.000Z,Number of Deaths,0
2020-08-28T04:00:00.000Z,% Asian,4%
2020-08-28T04:00:00.000Z,% Black or African American,10%
2020-08-28T04:00:00.000Z,% White,73%
2020-08-28T04:00:00.000Z,% Other or Unknown Race,12%
2020-08-28T04:00:00.000Z,% Hispanic or Latino (all races),10%
2020-08-28T04:00:00.000Z,% Reside in congregate living,1%
2020-08-28T04:00:00.000Z,% 0 to 9 years,3%
2020-08-28T04:00:00.000Z,% 10 to 17 years,11%
2020-08-28T04:00:00.000Z,% 18 to 22 years,25%
2020-08-28T04:00:00.000Z,% 23 to 29 years,19%
2020-08-28T04:00:00.000Z,% Over 65 years,6%
2020-08-31T04:00:00.000Z,Number of cases,214
2020-08-31T04:00:00.000Z,Weekly test positivity rate (from MI Safe Start),1.8%
2020-08-31T04:00:00.000Z,% hospitalized,4%
2020-08-31T04:00:00.000Z,Number of Deaths,0
2020-08-31T04:00:00.000Z,% Asian,4%
2020-08-31T04:00:00.000Z,% Black or African American,10%
2020-08-31T04:00:00.000Z,% White,73%
2020-08-31T04:00:00.000Z,% Other or Unknown Race,12%
2020-08-31T04:00:00.000Z,% Hispanic or Latino (all races),10%
2020-08-31T04:00:00.000Z,% Reside in congregate living,1%
2020-08-31T04:00:00.000Z,% 0 to 9 years,3%
2020-08-31T04:00:00.000Z,% 10 to 17 years,11%
2020-08-31T04:00:00.000Z,% 18 to 22 years,25%
2020-08-31T04:00:00.000Z,% 23 to 29 years,19%
2020-08-31T04:00:00.000Z,% Over 65 years,6%
2020-09-01T04:00:00.000Z,Number of cases,214
2020-09-01T04:00:00.000Z,Weekly test positivity rate (from MI Safe Start),1.8%
2020-09-01T04:00:00.000Z,% hospitalized,4%
2020-09-01T04:00:00.000Z,Number of Deaths,0
2020-09-01T04:00:00.000Z,% Asian,4%
2020-09-01T04:00:00.000Z,% Black or African American,10%
2020-09-01T04:00:00.000Z,% White,73%
2020-09-01T04:00:00.000Z,% Other or Unknown Race,12%
2020-09-01T04:00:00.000Z,% Hispanic or Latino (all races),10%
2020-09-01T04:00:00.000Z,% Reside in congregate living,1%
2020-09-01T04:00:00.000Z,% 0 to 9 years,3%
2020-09-01T04:00:00.000Z,% 10 to 17 years,11%
2020-09-01T04:00:00.000Z,% 18 to 22 years,25%
2020-09-01T04:00:00.000Z,% 23 to 29 years,19%
2020-09-01T04:00:00.000Z,% Over 65 years,6%
2020-09-02T04:00:00.000Z,Number of cases,214
2020-09-02T04:00:00.000Z,Weekly test positivity rate (from MI Safe Start),1.8%
2020-09-02T04:00:00.000Z,% hospitalized,4%
2020-09-02T04:00:00.000Z,Number of Deaths,0
2020-09-02T04:00:00.000Z,% Asian,4%
2020-09-02T04:00:00.000Z,% Black or African American,10%
2020-09-02T04:00:00.000Z,% White,73%
2020-09-02T04:00:00.000Z,% Other or Unknown Race,12%
2020-09-02T04:00:00.000Z,% Hispanic or Latino (all races),10%
2020-09-02T04:00:00.000Z,% Reside in congregate living,1%
2020-09-02T04:00:00.000Z,% 0 to 9 years,3%
2020-09-02T04:00:00.000Z,% 10 to 17 years,11%
2020-09-02T04:00:00.000Z,% 18 to 22 years,25%
2020-09-02T04:00:00.000Z,% 23 to 29 years,19%
2020-09-02T04:00:00.000Z,% Over 65 years,6%
2020-09-03T04:00:00.000Z,Number of cases,214
2020-09-03T04:00:00.000Z,Weekly test positivity rate (from MI Safe Start),1.8%
2020-09-03T04:00:00.000Z,% hospitalized,4%
2020-09-03T04:00:00.000Z,Number of Deaths,0
2020-09-03T04:00:00.000Z,% Asian,4%
2020-09-03T04:00:00.000Z,% Black or African American,10%
2020-09-03T04:00:00.000Z,% White,73%
2020-09-03T04:00:00.000Z,% Other or Unknown Race,12%
2020-09-03T04:00:00.000Z,% Hispanic or Latino (all races),10%
2020-09-03T04:00:00.000Z,% Reside in congregate living,1%
2020-09-03T04:00:00.000Z,% 0 to 9 years,3%
2020-09-03T04:00:00.000Z,% 10 to 17 years,11%
2020-09-03T04:00:00.000Z,% 18 to 22 years,25%
2020-09-03T04:00:00.000Z,% 23 to 29 years,19%
2020-09-03T04:00:00.000Z,% Over 65 years,6%
2020-09-04T04:00:00.000Z,Number of cases,228
2020-09-04T04:00:00.000Z,Weekly test positivity rate (from MI Safe Start),1.8%
2020-09-04T04:00:00.000Z,% hospitalized,3%
2020-09-04T04:00:00.000Z,Number of Deaths,0
2020-09-04T04:00:00.000Z,% Asian,4%
2020-09-04T04:00:00.000Z,% Black or African American,8%
2020-09-04T04:00:00.000Z,% White,73%
2020-09-04T04:00:00.000Z,% Other or Unknown Race,15%
2020-09-04T04:00:00.000Z,% Hispanic or Latino (all races),7%
2020-09-04T04:00:00.000Z,% Reside in congregate living,3%
2020-09-04T04:00:00.000Z,% 0 to 9 years,3%
2020-09-04T04:00:00.000Z,% 10 to 17 years,10%
2020-09-04T04:00:00.000Z,% 18 to 22 years,36%
2020-09-04T04:00:00.000Z,% 23 to 29 years,19%
2020-09-04T04:00:00.000Z,% Over 65 years,8%
2020-09-08T04:00:00.000Z,Number of cases,228
2020-09-08T04:00:00.000Z,Weekly test positivity rate (from MI Safe Start),1.8%
2020-09-08T04:00:00.000Z,% hospitalized,3%
2020-09-08T04:00:00.000Z,Number of Deaths,0
2020-09-08T04:00:00.000Z,% Asian,4%
2020-09-08T04:00:00.000Z,% Black or African American,8%
2020-09-08T04:00:00.000Z,% White,73%
2020-09-08T04:00:00.000Z,% Other or Unknown Race,15%
2020-09-08T04:00:00.000Z,% Hispanic or Latino (all races),7%
2020-09-08T04:00:00.000Z,% Reside in congregate living,3%
2020-09-08T04:00:00.000Z,% 0 to 9 years,3%
2020-09-08T04:00:00.000Z,% 10 to 17 years,10%
2020-09-08T04:00:00.000Z,% 18 to 22 years,36%
2020-09-08T04:00:00.000Z,% 23 to 29 years,19%
2020-09-08T04:00:00.000Z,% Over 65 years,8%
2020-09-09T04:00:00.000Z,Number of cases,228
2020-09-09T04:00:00.000Z,Weekly test positivity rate (from MI Safe Start),1.8%
2020-09-09T04:00:00.000Z,% hospitalized,3%
2020-09-09T04:00:00.000Z,Number of Deaths,0
2020-09-09T04:00:00.000Z,% Asian,4%
2020-09-09T04:00:00.000Z,% Black or African American,8%
2020-09-09T04:00:00.000Z,% White,73%
2020-09-09T04:00:00.000Z,% Other or Unknown Race,15%
2020-09-09T04:00:00.000Z,% Hispanic or Latino (all races),7%
2020-09-09T04:00:00.000Z,% Reside in congregate living,3%
2020-09-09T04:00:00.000Z,% 0 to 9 years,3%
2020-09-09T04:00:00.000Z,% 10 to 17 years,10%
2020-09-09T04:00:00.000Z,% 18 to 22 years,36%
2020-09-09T04:00:00.000Z,% 23 to 29 years,19%
2020-09-09T04:00:00.000Z,% Over 65 years,8%
2020-09-10T04:00:00.000Z,Number of cases,228
2020-09-10T04:00:00.000Z,Weekly test positivity rate (from MI Safe Start),1.8%
2020-09-10T04:00:00.000Z,% hospitalized,3%
2020-09-10T04:00:00.000Z,Number of Deaths,0
2020-09-10T04:00:00.000Z,% Asian,4%
2020-09-10T04:00:00.000Z,% Black or African American,8%
2020-09-10T04:00:00.000Z,% White,73%
2020-09-10T04:00:00.000Z,% Other or Unknown Race,15%
2020-09-10T04:00:00.000Z,% Hispanic or Latino (all races),7%
2020-09-10T04:00:00.000Z,% Reside in congregate living,3%
2020-09-10T04:00:00.000Z,% 0 to 9 years,3%
2020-09-10T04:00:00.000Z,% 10 to 17 years,10%
2020-09-10T04:00:00.000Z,% 18 to 22 years,36%
2020-09-10T04:00:00.000Z,% 23 to 29 years,19%
2020-09-10T04:00:00.000Z,% Over 65 years,8%
2020-09-11T04:00:00.000Z,Number of cases,253
2020-09-11T04:00:00.000Z,Weekly test positivity rate (from MI Safe Start),1.9%
2020-09-11T04:00:00.000Z,% hospitalized,2%
2020-09-11T04:00:00.000Z,Number of Deaths,0
2020-09-11T04:00:00.000Z,% Asian,4%
2020-09-11T04:00:00.000Z,% Black or African American,10%
2020-09-11T04:00:00.000Z,% White,72%
2020-09-11T04:00:00.000Z,% Other or Unknown Race,15%
2020-09-11T04:00:00.000Z,% Hispanic or Latino (all races),5%
2020-09-11T04:00:00.000Z,% Reside in congregate living,4%
2020-09-11T04:00:00.000Z,% 0 to 9 years,2%
2020-09-11T04:00:00.000Z,% 10 to 17 years,8%
2020-09-11T04:00:00.000Z,% 18 to 22 years,52%
2020-09-11T04:00:00.000Z,% 23 to 29 years,9%
2020-09-11T04:00:00.000Z,% Over 65 years,7%
2020-09-14T04:00:00.000Z,Number of cases,253
2020-09-14T04:00:00.000Z,Weekly test positivity rate (from MI Safe Start),1.9%
2020-09-14T04:00:00.000Z,% hospitalized,2%
2020-09-14T04:00:00.000Z,Number of Deaths,0
2020-09-14T04:00:00.000Z,% Asian,4%
2020-09-14T04:00:00.000Z,% Black or African American,10%
2020-09-14T04:00:00.000Z,% White,72%
2020-09-14T04:00:00.000Z,% Other or Unknown Race,15%
2020-09-14T04:00:00.000Z,% Hispanic or Latino (all races),5%
2020-09-14T04:00:00.000Z,% Reside in congregate living,4%
2020-09-14T04:00:00.000Z,% 0 to 9 years,2%
2020-09-14T04:00:00.000Z,% 10 to 17 years,8%
2020-09-14T04:00:00.000Z,% 18 to 22 years,52%
2020-09-14T04:00:00.000Z,% 23 to 29 years,9%
2020-09-14T04:00:00.000Z,% Over 65 years,7%
2020-09-15T04:00:00.000Z,Number of cases,253
2020-09-15T04:00:00.000Z,Weekly test positivity rate (from MI Safe Start),1.9%
2020-09-15T04:00:00.000Z,% hospitalized,2%
2020-09-15T04:00:00.000Z,Number of Deaths,0
2020-09-15T04:00:00.000Z,% Asian,4%
2020-09-15T04:00:00.000Z,% Black or African American,10%
2020-09-15T04:00:00.000Z,% White,72%
2020-09-15T04:00:00.000Z,% Other or Unknown Race,15%
2020-09-15T04:00:00.000Z,% Hispanic or Latino (all races),5%
2020-09-15T04:00:00.000Z,% Reside in congregate living,4%
2020-09-15T04:00:00.000Z,% 0 to 9 years,2%
2020-09-15T04:00:00.000Z,% 10 to 17 years,8%
2020-09-15T04:00:00.000Z,% 18 to 22 years,52%
2020-09-15T04:00:00.000Z,% 23 to 29 years,9%
2020-09-15T04:00:00.000Z,% Over 65 years,7%
2020-09-16T04:00:00.000Z,Number of cases,253
2020-09-16T04:00:00.000Z,Weekly test positivity rate (from MI Safe Start),1.9%
2020-09-16T04:00:00.000Z,% hospitalized,2%
2020-09-16T04:00:00.000Z,Number of Deaths,0
2020-09-16T04:00:00.000Z,% Asian,4%
2020-09-16T04:00:00.000Z,% Black or African American,10%
2020-09-16T04:00:00.000Z,% White,72%
2020-09-16T04:00:00.000Z,% Other or Unknown Race,15%
2020-09-16T04:00:00.000Z,% Hispanic or Latino (all races),5%
2020-09-16T04:00:00.000Z,% Reside in congregate living,4%
2020-09-16T04:00:00.000Z,% 0 to 9 years,2%
2020-09-16T04:00:00.000Z,% 10 to 17 years,8%
2020-09-16T04:00:00.000Z,% 18 to 22 years,52%
2020-09-16T04:00:00.000Z,% 23 to 29 years,9%
2020-09-16T04:00:00.000Z,% Over 65 years,7%
2020-09-17T04:00:00.000Z,Number of cases,273
2020-09-17T04:00:00.000Z,Weekly test positivity rate (from MI Safe Start),2.1%
2020-09-17T04:00:00.000Z,% hospitalized,2%
2020-09-17T04:00:00.000Z,Number of Deaths,1
2020-09-17T04:00:00.000Z,% Asian,5%
2020-09-17T04:00:00.000Z,% Black or African American,12%
2020-09-17T04:00:00.000Z,% White,72%
2020-09-17T04:00:00.000Z,% Other or Unknown Race,11%
2020-09-17T04:00:00.000Z,% Hispanic or Latino (all races),5%
2020-09-17T04:00:00.000Z,% Reside in congregate living,1%
2020-09-17T04:00:00.000Z,% 0 to 9 years,2%
2020-09-17T04:00:00.000Z,% 10 to 17 years,6%
2020-09-17T04:00:00.000Z,% 18 to 22 years,58%
2020-09-17T04:00:00.000Z,% 23 to 29 years,6%
2020-09-17T04:00:00.000Z,% Over 65 years,4%
2020-09-18T04:00:00.000Z,Number of cases,273
2020-09-18T04:00:00.000Z,Weekly test positivity rate (from MI Safe Start),2.1%
2020-09-18T04:00:00.000Z,% hospitalized,2%
2020-09-18T04:00:00.000Z,Number of Deaths,1
2020-09-18T04:00:00.000Z,% Asian,5%
2020-09-18T04:00:00.000Z,% Black or African American,12%
2020-09-18T04:00:00.000Z,% White,72%
2020-09-18T04:00:00.000Z,% Other or Unknown Race,11%
2020-09-18T04:00:00.000Z,% Hispanic or Latino (all races),5%
2020-09-18T04:00:00.000Z,% Reside in congregate living,1%
2020-09-18T04:00:00.000Z,% 0 to 9 years,2%
2020-09-18T04:00:00.000Z,% 10 to 17 years,6%
2020-09-18T04:00:00.000Z,% 18 to 22 years,58%
2020-09-18T04:00:00.000Z,% 23 to 29 years,6%
2020-09-18T04:00:00.000Z,% Over 65 years,4%
2020-09-21T04:00:00.000Z,Number of cases,273
2020-09-21T04:00:00.000Z,Weekly test positivity rate (from MI Safe Start),2.1%
2020-09-21T04:00:00.000Z,% hospitalized,2%
2020-09-21T04:00:00.000Z,Number of Deaths,1
2020-09-21T04:00:00.000Z,% Asian,5%
2020-09-21T04:00:00.000Z,% Black or African American,12%
2020-09-21T04:00:00.000Z,% White,72%
2020-09-21T04:00:00.000Z,% Other or Unknown Race,11%
2020-09-21T04:00:00.000Z,% Hispanic or Latino (all races),5%
2020-09-21T04:00:00.000Z,% Reside in congregate living,1%
2020-09-21T04:00:00.000Z,% 0 to 9 years,2%
2020-09-21T04:00:00.000Z,% 10 to 17 years,6%
2020-09-21T04:00:00.000Z,% 18 to 22 years,58%
2020-09-21T04:00:00.000Z,% 23 to 29 years,6%
2020-09-21T04:00:00.000Z,% Over 65 years,4%
2020-09-22T04:00:00.000Z,Number of cases,273
2020-09-22T04:00:00.000Z,Weekly test positivity rate (from MI Safe Start),2.1%
2020-09-22T04:00:00.000Z,% hospitalized,2%
2020-09-22T04:00:00.000Z,Number of Deaths,1
2020-09-22T04:00:00.000Z,% Asian,5%
2020-09-22T04:00:00.000Z,% Black or African American,12%
2020-09-22T04:00:00.000Z,% White,72%
2020-09-22T04:00:00.000Z,% Other or Unknown Race,11%
2020-09-22T04:00:00.000Z,% Hispanic or Latino (all races),5%
2020-09-22T04:00:00.000Z,"% High-risk congregate residents (nursing homes, correctional facilities, homeless shelters)",1%
2020-09-22T04:00:00.000Z,% 0 to 9 years,2%
2020-09-22T04:00:00.000Z,% 10 to 17 years,6%
2020-09-22T04:00:00.000Z,% 18 to 22 years,58%
2020-09-22T04:00:00.000Z,% 23 to 29 years,6%
2020-09-22T04:00:00.000Z,% Over 65 years,4%
2020-09-23T04:00:00.000Z,Number of cases,273
2020-09-23T04:00:00.000Z,Weekly test positivity rate (from MI Safe Start),2.1%
2020-09-23T04:00:00.000Z,% hospitalized,2%
2020-09-23T04:00:00.000Z,Number of Deaths,1
2020-09-23T04:00:00.000Z,% Asian,5%
2020-09-23T04:00:00.000Z,% Black or African American,12%
2020-09-23T04:00:00.000Z,% White,72%
2020-09-23T04:00:00.000Z,% Other or Unknown Race,11%
2020-09-23T04:00:00.000Z,% Hispanic or Latino (all races),5%
2020-09-23T04:00:00.000Z,"% High-risk congregate residents (nursing homes, correctional facilities, homeless shelters)",1%
2020-09-23T04:00:00.000Z,% 0 to 9 years,2%
2020-09-23T04:00:00.000Z,% 10 to 17 years,6%
2020-09-23T04:00:00.000Z,% 18 to 22 years,58%
2020-09-23T04:00:00.000Z,% 23 to 29 years,6%
2020-09-23T04:00:00.000Z,% Over 65 years,4%
2020-09-24T04:00:00.000Z,Number of cases,316
2020-09-24T04:00:00.000Z,Weekly test positivity rate (from MI Safe Start),1.6%
2020-09-24T04:00:00.000Z,% hospitalized,2%
2020-09-24T04:00:00.000Z,Number of Deaths,1
2020-09-24T04:00:00.000Z,% Asian,3%
2020-09-24T04:00:00.000Z,% Black or African American,10%
2020-09-24T04:00:00.000Z,% White,71%
2020-09-24T04:00:00.000Z,% Other or Unknown Race,11%
2020-09-24T04:00:00.000Z,% Hispanic or Latino (all races),5%
2020-09-24T04:00:00.000Z,"% High-risk congregate residents (nursing homes, correctional facilities, homeless shelters)",0%
2020-09-24T04:00:00.000Z,% 0 to 9 years,1%
2020-09-24T04:00:00.000Z,% 10 to 17 years,4%
2020-09-24T04:00:00.000Z,% 18 to 22 years,63%
2020-09-24T04:00:00.000Z,% 23 to 29 years,9%
2020-09-24T04:00:00.000Z,% Over 65 years,3%
2020-09-25T04:00:00.000Z,Number of cases,316
2020-09-25T04:00:00.000Z,Weekly test positivity rate (from MI Safe Start),1.6%
2020-09-25T04:00:00.000Z,% hospitalized,2%
2020-09-25T04:00:00.000Z,Number of Deaths,1
2020-09-25T04:00:00.000Z,% Asian,3%
2020-09-25T04:00:00.000Z,% Black or African American,10%
2020-09-25T04:00:00.000Z,% White,71%
2020-09-25T04:00:00.000Z,% Other or Unknown Race,11%
2020-09-25T04:00:00.000Z,% Hispanic or Latino (all races),5%
2020-09-25T04:00:00.000Z,"% High-risk congregate residents (nursing homes, correctional facilities, homeless shelters)",0%
2020-09-25T04:00:00.000Z,% 0 to 9 years,1%
2020-09-25T04:00:00.000Z,% 10 to 17 years,4%
2020-09-25T04:00:00.000Z,% 18 to 22 years,63%
2020-09-25T04:00:00.000Z,% 23 to 29 years,9%
2020-09-25T04:00:00.000Z,% Over 65 years,3%
2020-09-28T04:00:00.000Z,Number of cases,316
2020-09-28T04:00:00.000Z,Weekly test positivity rate (from MI Safe Start),1.6%
2020-09-28T04:00:00.000Z,% hospitalized,2%
2020-09-28T04:00:00.000Z,Number of Deaths,1
2020-09-28T04:00:00.000Z,% Asian,3%
2020-09-28T04:00:00.000Z,% Black or African American,10%
2020-09-28T04:00:00.000Z,% White,71%
2020-09-28T04:00:00.000Z,% Other or Unknown Race,11%
2020-09-28T04:00:00.000Z,% Hispanic or Latino (all races),5%
2020-09-28T04:00:00.000Z,"% High-risk congregate residents (nursing homes, correctional facilities, homeless shelters)",0%
2020-09-28T04:00:00.000Z,% 0 to 9 years,1%
2020-09-28T04:00:00.000Z,% 10 to 17 years,4%
2020-09-28T04:00:00.000Z,% 18 to 22 years,63%
2020-09-28T04:00:00.000Z,% 23 to 29 years,9%
2020-09-28T04:00:00.000Z,% Over 65 years,3%
2020-09-29T04:00:00.000Z,Number of cases,316
2020-09-29T04:00:00.000Z,Weekly test positivity rate (from MI Safe Start),1.6%
2020-09-29T04:00:00.000Z,% hospitalized,2%
2020-09-29T04:00:00.000Z,Number of Deaths,1
2020-09-29T04:00:00.000Z,% Asian,3%
2020-09-29T04:00:00.000Z,% Black or African American,10%
2020-09-29T04:00:00.000Z,% White,71%
2020-09-29T04:00:00.000Z,% Other or Unknown Race,11%
2020-09-29T04:00:00.000Z,% Hispanic or Latino (all races),5%
2020-09-29T04:00:00.000Z,"% High-risk congregate residents (nursing homes, correctional facilities, homeless shelters)",0%
2020-09-29T04:00:00.000Z,% 0 to 9 years,1%
2020-09-29T04:00:00.000Z,% 10 to 17 years,4%
2020-09-29T04:00:00.000Z,% 18 to 22 years,63%
2020-09-29T04:00:00.000Z,% 23 to 29 years,9%
2020-09-29T04:00:00.000Z,% Over 65 years,3%
2020-09-30T04:00:00.000Z,Number of cases,316
2020-09-30T04:00:00.000Z,Weekly test positivity rate (from MI Safe Start),1.6%
2020-09-30T04:00:00.000Z,% hospitalized,2%
2020-09-30T04:00:00.000Z,Number of Deaths,1
2020-09-30T04:00:00.000Z,% Asian,3%
2020-09-30T04:00:00.000Z,% Black or African American,10%
2020-09-30T04:00:00.000Z,% White,71%
2020-09-30T04:00:00.000Z,% Other or Unknown Race,11%
2020-09-30T04:00:00.000Z,% Hispanic or Latino (all races),5%
2020-09-30T04:00:00.000Z,"% High-risk congregate residents (nursing homes, correctional facilities, homeless shelters)",0%
2020-09-30T04:00:00.000Z,% 0 to 9 years,1%
2020-09-30T04:00:00.000Z,% 10 to 17 years,4%
2020-09-30T04:00:00.000Z,% 18 to 22 years,63%
2020-09-30T04:00:00.000Z,% 23 to 29 years,9%
2020-09-30T04:00:00.000Z,% Over 65 years,3%
2020-10-01T04:00:00.000Z,Number of cases,493
2020-10-01T04:00:00.000Z,Weekly test positivity rate (from MI Safe Start),2.0%
2020-10-01T04:00:00.000Z,% hospitalized,1%
2020-10-01T04:00:00.000Z,Number of Deaths,1
2020-10-01T04:00:00.000Z,% Asian,2%
2020-10-01T04:00:00.000Z,% Black or African American,5%
2020-10-01T04:00:00.000Z,% White,80%
2020-10-01T04:00:00.000Z,% Other or Unknown Race,13%
2020-10-01T04:00:00.000Z,% Hispanic or Latino (all races),5%
2020-10-01T04:00:00.000Z,"% High-risk congregate residents (nursing homes, correctional facilities, homeless shelters)",0%
2020-10-01T04:00:00.000Z,% 0 to 9 years,0.2%
2020-10-01T04:00:00.000Z,% 10 to 17 years,2%
2020-10-01T04:00:00.000Z,% 18 to 22 years,78%
2020-10-01T04:00:00.000Z,% 23 to 29 years,5%
2020-10-01T04:00:00.000Z,% Over 65 years,3%
2020-10-02T04:00:00.000Z,Number of cases,493
2020-10-02T04:00:00.000Z,Weekly test positivity rate (from MI Safe Start),2.0%
2020-10-02T04:00:00.000Z,% hospitalized,1%
2020-10-02T04:00:00.000Z,Number of Deaths,1
2020-10-02T04:00:00.000Z,% Asian,2%
2020-10-02T04:00:00.000Z,% Black or African American,5%
2020-10-02T04:00:00.000Z,% White,80%
2020-10-02T04:00:00.000Z,% Other or Unknown Race,13%
2020-10-02T04:00:00.000Z,% Hispanic or Latino (all races),5%
2020-10-02T04:00:00.000Z,"% High-risk congregate residents (nursing homes, correctional facilities, homeless shelters)",0%
2020-10-02T04:00:00.000Z,% 0 to 9 years,0.2%
2020-10-02T04:00:00.000Z,% 10 to 17 years,2%
2020-10-02T04:00:00.000Z,% 18 to 22 years,78%
2020-10-02T04:00:00.000Z,% 23 to 29 years,5%
2020-10-02T04:00:00.000Z,% Over 65 years,3%
2020-10-05T04:00:00.000Z,Number of cases,493
2020-10-05T04:00:00.000Z,Weekly test positivity rate (from MI Safe Start),2.0%
2020-10-05T04:00:00.000Z,% hospitalized,1%
2020-10-05T04:00:00.000Z,Number of Deaths,1
2020-10-05T04:00:00.000Z,% Asian,2%
2020-10-05T04:00:00.000Z,% Black or African American,5%
2020-10-05T04:00:00.000Z,% White,80%
2020-10-05T04:00:00.000Z,% Other or Unknown Race,13%
2020-10-05T04:00:00.000Z,% Hispanic or Latino (all races),5%
2020-10-05T04:00:00.000Z,"% High-risk congregate residents (nursing homes, correctional facilities, homeless shelters)",0%
2020-10-05T04:00:00.000Z,% 0 to 9 years,0.2%
2020-10-05T04:00:00.000Z,% 10 to 17 years,2%
2020-10-05T04:00:00.000Z,% 18 to 22 years,78%
2020-10-05T04:00:00.000Z,% 23 to 29 years,5%
2020-10-05T04:00:00.000Z,% Over 65 years,3%
2020-10-06T04:00:00.000Z,Number of cases,493
2020-10-06T04:00:00.000Z,Weekly test positivity rate (from MI Safe Start),2.0%
2020-10-06T04:00:00.000Z,% hospitalized,1%
2020-10-06T04:00:00.000Z,Number of Deaths,1
2020-10-06T04:00:00.000Z,% Asian,2%
2020-10-06T04:00:00.000Z,% Black or African American,5%
2020-10-06T04:00:00.000Z,% White,80%
2020-10-06T04:00:00.000Z,% Other or Unknown Race,13%
2020-10-06T04:00:00.000Z,% Hispanic or Latino (all races),5%
2020-10-06T04:00:00.000Z,"% High-risk congregate residents (nursing homes, correctional facilities, homeless shelters)",0%
2020-10-06T04:00:00.000Z,% 0 to 9 years,0.2%
2020-10-06T04:00:00.000Z,% 10 to 17 years,2%
2020-10-06T04:00:00.000Z,% 18 to 22 years,78%
2020-10-06T04:00:00.000Z,% 23 to 29 years,5%
2020-10-06T04:00:00.000Z,% Over 65 years,3%
2020-10-07T04:00:00.000Z,Number of cases,493
2020-10-07T04:00:00.000Z,Weekly test positivity rate (from MI Safe Start),2.0%
2020-10-07T04:00:00.000Z,% hospitalized,1%
2020-10-07T04:00:00.000Z,Number of Deaths,1
2020-10-07T04:00:00.000Z,% Asian,2%
2020-10-07T04:00:00.000Z,% Black or African American,5%
2020-10-07T04:00:00.000Z,% White,80%
2020-10-07T04:00:00.000Z,% Other or Unknown Race,13%
2020-10-07T04:00:00.000Z,% Hispanic or Latino (all races),5%
2020-10-07T04:00:00.000Z,"% High-risk congregate residents (nursing homes, correctional facilities, homeless shelters)",0%
2020-10-07T04:00:00.000Z,% 0 to 9 years,0.2%
2020-10-07T04:00:00.000Z,% 10 to 17 years,2%
2020-10-07T04:00:00.000Z,% 18 to 22 years,78%
2020-10-07T04:00:00.000Z,% 23 to 29 years,5%
2020-10-07T04:00:00.000Z,% Over 65 years,3%
2020-10-08T04:00:00.000Z,Number of cases,496
2020-10-08T04:00:00.000Z,Weekly test positivity rate (from MI Safe Start),1.9%
2020-10-08T04:00:00.000Z,% hospitalized,2%
2020-10-08T04:00:00.000Z,Number of Deaths,1
2020-10-08T04:00:00.000Z,% Asian,3%
2020-10-08T04:00:00.000Z,% Black or African American,5%
2020-10-08T04:00:00.000Z,% White,83%
2020-10-08T04:00:00.000Z,% Other or Unknown Race,9%
2020-10-08T04:00:00.000Z,% Hispanic or Latino (all races),5%
2020-10-08T04:00:00.000Z,"% High-risk congregate residents (nursing homes, correctional facilities, homeless shelters)",0%
2020-10-08T04:00:00.000Z,% 0 to 9 years,0.4%
2020-10-08T04:00:00.000Z,% 10 to 17 years,2%
2020-10-08T04:00:00.000Z,% 18 to 22 years,80%
2020-10-08T04:00:00.000Z,% 23 to 29 years,4%
2020-10-08T04:00:00.000Z,% 30 to 64 years,11%
2020-10-08T04:00:00.000Z,% Over 65 years,3%
2020-10-09T04:00:00.000Z,Number of cases,497
2020-10-09T04:00:00.000Z,Weekly test positivity rate (from MI Safe Start),1.9%
2020-10-09T04:00:00.000Z,% hospitalized,2%
2020-10-09T04:00:00.000Z,Number of Deaths,1
2020-10-09T04:00:00.000Z,% Asian,3%
2020-10-09T04:00:00.000Z,% Black or African American,5%
2020-10-09T04:00:00.000Z,% White,83%
2020-10-09T04:00:00.000Z,% Other or Unknown Race,9%
2020-10-09T04:00:00.000Z,% Hispanic or Latino (all races),5%
2020-10-09T04:00:00.000Z,"% High-risk congregate residents (nursing homes, correctional facilities, homeless shelters)",0%
2020-10-09T04:00:00.000Z,% 0 to 9 years,0.4%
2020-10-09T04:00:00.000Z,% 10 to 17 years,2%
2020-10-09T04:00:00.000Z,% 18 to 22 years,80%
2020-10-09T04:00:00.000Z,% 23 to 29 years,4%
2020-10-09T04:00:00.000Z,% 30 to 64 years,11%
2020-10-09T04:00:00.000Z,% Over 65 years,3%
2020-10-13T04:00:00.000Z,Number of cases,497
2020-10-13T04:00:00.000Z,Weekly test positivity rate (from MI Safe Start),1.9%
2020-10-13T04:00:00.000Z,% hospitalized,2%
2020-10-13T04:00:00.000Z,Number of Deaths,1
2020-10-13T04:00:00.000Z,% Asian,3%
2020-10-13T04:00:00.000Z,% Black or African American,5%
2020-10-13T04:00:00.000Z,% White,83%
2020-10-13T04:00:00.000Z,% Other or Unknown Race,9%
2020-10-13T04:00:00.000Z,% Hispanic or Latino (all races),5%
2020-10-13T04:00:00.000Z,"% High-risk congregate residents (nursing homes, correctional facilities, homeless shelters)",0%
2020-10-13T04:00:00.000Z,% 0 to 9 years,0.4%
2020-10-13T04:00:00.000Z,% 10 to 17 years,2%
2020-10-13T04:00:00.000Z,% 18 to 22 years,80%
2020-10-13T04:00:00.000Z,% 23 to 29 years,4%
2020-10-13T04:00:00.000Z,% 30 to 64 years,11%
2020-10-13T04:00:00.000Z,% Over 65 years,3%
2020-10-14T04:00:00.000Z,Number of cases,497
2020-10-14T04:00:00.000Z,Weekly test positivity rate (from MI Safe Start),1.9%
2020-10-14T04:00:00.000Z,% hospitalized,2%
2020-10-14T04:00:00.000Z,Number of Deaths,1
2020-10-14T04:00:00.000Z,% Asian,3%
2020-10-14T04:00:00.000Z,% Black or African American,5%
2020-10-14T04:00:00.000Z,% White,83%
2020-10-14T04:00:00.000Z,% Other or Unknown Race,9%
2020-10-14T04:00:00.000Z,% Hispanic or Latino (all races),5%
2020-10-14T04:00:00.000Z,"% High-risk congregate residents (nursing homes, correctional facilities, homeless shelters)",0%
2020-10-14T04:00:00.000Z,% 0 to 9 years,0.4%
2020-10-14T04:00:00.000Z,% 10 to 17 years,2%
2020-10-14T04:00:00.000Z,% 18 to 22 years,80%
2020-10-14T04:00:00.000Z,% 23 to 29 years,4%
2020-10-14T04:00:00.000Z,% 30 to 64 years,11%
2020-10-14T04:00:00.000Z,% Over 65 years,3%
2020-10-15T04:00:00.000Z,Number of cases,505
2020-10-15T04:00:00.000Z,Weekly test positivity rate (from MI Safe Start),1.9%
2020-10-15T04:00:00.000Z,% hospitalized,1%
2020-10-15T04:00:00.000Z,Number of Deaths,0
2020-10-15T04:00:00.000Z,% Asian,2%
2020-10-15T04:00:00.000Z,% Black or African American,8%
2020-10-15T04:00:00.000Z,% White,81%
2020-10-15T04:00:00.000Z,% Other or Unknown Race,9%
2020-10-15T04:00:00.000Z,% Hispanic or Latino (all races),6%
2020-10-15T04:00:00.000Z,"% High-risk congregate residents (nursing homes, correctional facilities, homeless shelters)",0%
2020-10-15T04:00:00.000Z,% 0 to 9 years,1%
2020-10-15T04:00:00.000Z,% 10 to 17 years,3%
2020-10-15T04:00:00.000Z,% 18 to 22 years,66%
2020-10-15T04:00:00.000Z,% 23 to 29 years,7%
2020-10-15T04:00:00.000Z,% 30 to 64 years,18%
2020-10-15T04:00:00.000Z,% Over 65 years,5%
2020-10-16T04:00:00.000Z,Number of cases,505
2020-10-16T04:00:00.000Z,Weekly test positivity rate (from MI Safe Start),1.9%
2020-10-16T04:00:00.000Z,% hospitalized,1%
2020-10-16T04:00:00.000Z,Number of Deaths,0
2020-10-16T04:00:00.000Z,% Asian,2%
2020-10-16T04:00:00.000Z,% Black or African American,8%
2020-10-16T04:00:00.000Z,% White,81%
2020-10-16T04:00:00.000Z,% Other or Unknown Race,9%
2020-10-16T04:00:00.000Z,% Hispanic or Latino (all races),6%
2020-10-16T04:00:00.000Z,"% High-risk congregate residents (nursing homes, correctional facilities, homeless shelters)",0%
2020-10-16T04:00:00.000Z,% 0 to 9 years,1%
2020-10-16T04:00:00.000Z,% 10 to 17 years,3%
2020-10-16T04:00:00.000Z,% 18 to 22 years,66%
2020-10-16T04:00:00.000Z,% 23 to 29 years,7%
2020-10-16T04:00:00.000Z,% 30 to 64 years,18%
2020-10-16T04:00:00.000Z,% Over 65 years,5%
2020-10-19T04:00:00.000Z,Number of cases,505
2020-10-19T04:00:00.000Z,Weekly test positivity rate (from MI Safe Start),1.9%
2020-10-19T04:00:00.000Z,% hospitalized,1%
2020-10-19T04:00:00.000Z,Number of Deaths,0
2020-10-19T04:00:00.000Z,% Asian,2%
2020-10-19T04:00:00.000Z,% Black or African American,8%
2020-10-19T04:00:00.000Z,% White,81%
2020-10-19T04:00:00.000Z,% Other or Unknown Race,9%
2020-10-19T04:00:00.000Z,% Hispanic or Latino (all races),6%
2020-10-19T04:00:00.000Z,"% High-risk congregate residents (nursing homes, correctional facilities, homeless shelters)",0%
2020-10-19T04:00:00.000Z,% 0 to 9 years,1%
2020-10-19T04:00:00.000Z,% 10 to 17 years,3%
2020-10-19T04:00:00.000Z,% 18 to 22 years,66%
2020-10-19T04:00:00.000Z,% 23 to 29 years,7%
2020-10-19T04:00:00.000Z,% 30 to 64 years,18%
2020-10-19T04:00:00.000Z,% Over 65 years,5%
2020-10-20T04:00:00.000Z,Number of cases,505
2020-10-20T04:00:00.000Z,Weekly test positivity rate (from MI Safe Start),1.9%
2020-10-20T04:00:00.000Z,% hospitalized,1%
2020-10-20T04:00:00.000Z,Number of Deaths,0
2020-10-20T04:00:00.000Z,% Asian,2%
2020-10-20T04:00:00.000Z,% Black or African American,8%
2020-10-20T04:00:00.000Z,% White,81%
2020-10-20T04:00:00.000Z,% Other or Unknown Race,9%
2020-10-20T04:00:00.000Z,% Hispanic or Latino (all races),6%
2020-10-20T04:00:00.000Z,"% High-risk congregate residents (nursing homes, correctional facilities, homeless shelters)",0%
2020-10-20T04:00:00.000Z,% 0 to 9 years,1%
2020-10-20T04:00:00.000Z,% 10 to 17 years,3%
2020-10-20T04:00:00.000Z,% 18 to 22 years,66%
2020-10-20T04:00:00.000Z,% 23 to 29 years,7%
2020-10-20T04:00:00.000Z,% 30 to 64 years,18%
2020-10-20T04:00:00.000Z,% Over 65 years,5%
2020-10-21T04:00:00.000Z,Number of cases,505
2020-10-21T04:00:00.000Z,Weekly test positivity rate (from MI Safe Start),1.9%
2020-10-21T04:00:00.000Z,% hospitalized,1%
2020-10-21T04:00:00.000Z,Number of Deaths,0
2020-10-21T04:00:00.000Z,% Asian,2%
2020-10-21T04:00:00.000Z,% Black or African American,8%
2020-10-21T04:00:00.000Z,% White,81%
2020-10-21T04:00:00.000Z,% Other or Unknown Race,9%
2020-10-21T04:00:00.000Z,% Hispanic or Latino (all races),6%
2020-10-21T04:00:00.000Z,"% High-risk congregate residents (nursing homes, correctional facilities, homeless shelters)",0%
2020-10-21T04:00:00.000Z,% 0 to 9 years,1%
2020-10-21T04:00:00.000Z,% 10 to 17 years,3%
2020-10-21T04:00:00.000Z,% 18 to 22 years,66%
2020-10-21T04:00:00.000Z,% 23 to 29 years,7%
2020-10-21T04:00:00.000Z,% 30 to 64 years,18%
2020-10-21T04:00:00.000Z,% Over 65 years,5%
2020-10-22T04:00:00.000Z,Number of cases,828
2020-10-22T04:00:00.000Z,Weekly test positivity rate (from MI Safe Start),3.0%
2020-10-22T04:00:00.000Z,% hospitalized,2%
2020-10-22T04:00:00.000Z,Number of Deaths,0
2020-10-22T04:00:00.000Z,% Asian,4%
2020-10-22T04:00:00.000Z,% Black or African American,8%
2020-10-22T04:00:00.000Z,% White,79%
2020-10-22T04:00:00.000Z,% Other or Unknown Race,9%
2020-10-22T04:00:00.000Z,% Hispanic or Latino (all races),8%
2020-10-22T04:00:00.000Z,"% High-risk congregate residents (nursing homes, correctional facilities, homeless shelters)",0%
2020-10-22T04:00:00.000Z,% 0 to 9 years,1%
2020-10-22T04:00:00.000Z,% 10 to 17 years,3%
2020-10-22T04:00:00.000Z,% 18 to 22 years,62%
2020-10-22T04:00:00.000Z,% 23 to 29 years,8%
2020-10-22T04:00:00.000Z,% 30 to 64 years,21%
2020-10-22T04:00:00.000Z,% Over 65 years,5%
2020-10-23T04:00:00.000Z,Number of cases,828
2020-10-23T04:00:00.000Z,Weekly test positivity rate (from MI Safe Start),3.0%
2020-10-23T04:00:00.000Z,% hospitalized,2%
2020-10-23T04:00:00.000Z,Number of Deaths,0
2020-10-23T04:00:00.000Z,% Asian,4%
2020-10-23T04:00:00.000Z,% Black or African American,8%
2020-10-23T04:00:00.000Z,% White,79%
2020-10-23T04:00:00.000Z,% Other or Unknown Race,9%
2020-10-23T04:00:00.000Z,% Hispanic or Latino (all races),8%
2020-10-23T04:00:00.000Z,"% High-risk congregate residents (nursing homes, correctional facilities, homeless shelters)",0%
2020-10-23T04:00:00.000Z,% 0 to 9 years,1%
2020-10-23T04:00:00.000Z,% 10 to 17 years,3%
2020-10-23T04:00:00.000Z,% 18 to 22 years,62%
2020-10-23T04:00:00.000Z,% 23 to 29 years,8%
2020-10-23T04:00:00.000Z,% 30 to 64 years,21%
2020-10-23T04:00:00.000Z,% Over 65 years,5%
2020-10-26T04:00:00.000Z,Number of cases,828
2020-10-26T04:00:00.000Z,Weekly test positivity rate (from MI Safe Start),3.0%
2020-10-26T04:00:00.000Z,% hospitalized,2%
2020-10-26T04:00:00.000Z,Number of Deaths,0
2020-10-26T04:00:00.000Z,% Asian,4%
2020-10-26T04:00:00.000Z,% Black or African American,8%
2020-10-26T04:00:00.000Z,% White,79%
2020-10-26T04:00:00.000Z,% Other or Unknown Race,9%
2020-10-26T04:00:00.000Z,% Hispanic or Latino (all races),8%
2020-10-26T04:00:00.000Z,"% High-risk congregate residents (nursing homes, correctional facilities, homeless shelters)",0%
2020-10-26T04:00:00.000Z,% 0 to 9 years,1%
2020-10-26T04:00:00.000Z,% 10 to 17 years,3%
2020-10-26T04:00:00.000Z,% 18 to 22 years,62%
2020-10-26T04:00:00.000Z,% 23 to 29 years,8%
2020-10-26T04:00:00.000Z,% 30 to 64 years,21%
2020-10-26T04:00:00.000Z,% Over 65 years,5%
2020-10-27T04:00:00.000Z,Number of cases,828
2020-10-27T04:00:00.000Z,Weekly test positivity rate (from MI Safe Start),3.0%
2020-10-27T04:00:00.000Z,% hospitalized,2%
2020-10-27T04:00:00.000Z,Number of Deaths,0
2020-10-27T04:00:00.000Z,% Asian,4%
2020-10-27T04:00:00.000Z,% Black or African American,8%
2020-10-27T04:00:00.000Z,% White,79%
2020-10-27T04:00:00.000Z,% Other or Unknown Race,9%
2020-10-27T04:00:00.000Z,% Hispanic or Latino (all races),8%
2020-10-27T04:00:00.000Z,"% High-risk congregate residents (nursing homes, correctional facilities, homeless shelters)",0%
2020-10-27T04:00:00.000Z,% 0 to 9 years,1%
2020-10-27T04:00:00.000Z,% 10 to 17 years,3%
2020-10-27T04:00:00.000Z,% 18 to 22 years,62%
2020-10-27T04:00:00.000Z,% 23 to 29 years,8%
2020-10-27T04:00:00.000Z,% 30 to 64 years,21%
2020-10-27T04:00:00.000Z,% Over 65 years,5%
2020-10-28T04:00:00.000Z,Number of cases,828
2020-10-28T04:00:00.000Z,Weekly test positivity rate (from MI Safe Start),3.0%
2020-10-28T04:00:00.000Z,% hospitalized,2%
2020-10-28T04:00:00.000Z,Number of Deaths,0
2020-10-28T04:00:00.000Z,% Asian,4%
2020-10-28T04:00:00.000Z,% Black or African American,8%
2020-10-28T04:00:00.000Z,% White,79%
2020-10-28T04:00:00.000Z,% Other or Unknown Race,9%
2020-10-28T04:00:00.000Z,% Hispanic or Latino (all races),8%
2020-10-28T04:00:00.000Z,"% High-risk congregate residents (nursing homes, correctional facilities, homeless shelters)",0%
2020-10-28T04:00:00.000Z,% 0 to 9 years,1%
2020-10-28T04:00:00.000Z,% 10 to 17 years,3%
2020-10-28T04:00:00.000Z,% 18 to 22 years,62%
2020-10-28T04:00:00.000Z,% 23 to 29 years,8%
2020-10-28T04:00:00.000Z,% 30 to 64 years,21%
2020-10-28T04:00:00.000Z,% Over 65 years,5%
2020-10-29T04:00:00.000Z,Number of cases,962
2020-10-29T04:00:00.000Z,Weekly test positivity rate (from MI Safe Start),3.9%
2020-10-29T04:00:00.000Z,% hospitalized,2%
2020-10-29T04:00:00.000Z,Number of Deaths,2
2020-10-29T04:00:00.000Z,% Asian,4%
2020-10-29T04:00:00.000Z,% Black or African American,8%
2020-10-29T04:00:00.000Z,% White,77%
2020-10-29T04:00:00.000Z,% Other or Unknown Race,11%
2020-10-29T04:00:00.000Z,% Hispanic or Latino (all races),7%
2020-10-29T04:00:00.000Z,"% High-risk congregate residents (nursing homes, correctional facilities, homeless shelters)",0%
2020-10-29T04:00:00.000Z,% 0 to 9 years,2.0%
2020-10-29T04:00:00.000Z,% 10 to 17 years,3%
2020-10-29T04:00:00.000Z,% 18 to 22 years,56%
2020-10-29T04:00:00.000Z,% 23 to 29 years,10%
2020-10-29T04:00:00.000Z,% 30 to 64 years,23%
2020-10-29T04:00:00.000Z,% Over 65 years,6%
2020-10-30T04:00:00.000Z,Number of cases,962
2020-10-30T04:00:00.000Z,Weekly test positivity rate (from MI Safe Start),3.9%
2020-10-30T04:00:00.000Z,% hospitalized,2%
2020-10-30T04:00:00.000Z,Number of Deaths,2
2020-10-30T04:00:00.000Z,% Asian,4%
2020-10-30T04:00:00.000Z,% Black or African American,8%
2020-10-30T04:00:00.000Z,% White,77%
2020-10-30T04:00:00.000Z,% Other or Unknown Race,11%
2020-10-30T04:00:00.000Z,% Hispanic or Latino (all races),7%
2020-10-30T04:00:00.000Z,"% High-risk congregate residents (nursing homes, correctional facilities, homeless shelters)",0%
2020-10-30T04:00:00.000Z,% 0 to 9 years,2.0%
2020-10-30T04:00:00.000Z,% 10 to 17 years,3%
2020-10-30T04:00:00.000Z,% 18 to 22 years,56%
2020-10-30T04:00:00.000Z,% 23 to 29 years,10%
2020-10-30T04:00:00.000Z,% 30 to 64 years,23%
2020-10-30T04:00:00.000Z,% Over 65 years,6%
2020-11-02T05:00:00.000Z,Number of cases,962
2020-11-02T05:00:00.000Z,Weekly test positivity rate (from MI Safe Start),3.9%
2020-11-02T05:00:00.000Z,% hospitalized,2%
2020-11-02T05:00:00.000Z,Number of Deaths,2
2020-11-02T05:00:00.000Z,% Asian,4%
2020-11-02T05:00:00.000Z,% Black or African American,8%
2020-11-02T05:00:00.000Z,% White,77%
2020-11-02T05:00:00.000Z,% Other or Unknown Race,11%
2020-11-02T05:00:00.000Z,% Hispanic or Latino (all races),7%
2020-11-02T05:00:00.000Z,"% High-risk congregate residents (nursing homes, correctional facilities, homeless shelters)",0%
2020-11-02T05:00:00.000Z,% 0 to 9 years,2.0%
2020-11-02T05:00:00.000Z,% 10 to 17 years,3%
2020-11-02T05:00:00.000Z,% 18 to 22 years,56%
2020-11-02T05:00:00.000Z,% 23 to 29 years,10%
2020-11-02T05:00:00.000Z,% 30 to 64 years,23%
2020-11-02T05:00:00.000Z,% Over 65 years,6%
2020-11-03T05:00:00.000Z,Number of cases,962
2020-11-03T05:00:00.000Z,Weekly test positivity rate (from MI Safe Start),3.9%
2020-11-03T05:00:00.000Z,% hospitalized,2%
2020-11-03T05:00:00.000Z,Number of Deaths,2
2020-11-03T05:00:00.000Z,% Asian,4%
2020-11-03T05:00:00.000Z,% Black or African American,8%
2020-11-03T05:00:00.000Z,% White,77%
2020-11-03T05:00:00.000Z,% Other or Unknown Race,11%
2020-11-03T05:00:00.000Z,% Hispanic or Latino (all races),7%
2020-11-03T05:00:00.000Z,"% High-risk congregate residents (nursing homes, correctional facilities, homeless shelters)",0%
2020-11-03T05:00:00.000Z,% 0 to 9 years,2.0%
2020-11-03T05:00:00.000Z,% 10 to 17 years,3%
2020-11-03T05:00:00.000Z,% 18 to 22 years,56%
2020-11-03T05:00:00.000Z,% 23 to 29 years,10%
2020-11-03T05:00:00.000Z,% 30 to 64 years,23%
2020-11-03T05:00:00.000Z,% Over 65 years,6%
2020-11-04T05:00:00.000Z,Number of cases,962
2020-11-04T05:00:00.000Z,Weekly test positivity rate (from MI Safe Start),3.9%
2020-11-04T05:00:00.000Z,% hospitalized,2%
2020-11-04T05:00:00.000Z,Number of Deaths,2
2020-11-04T05:00:00.000Z,% Asian,4%
2020-11-04T05:00:00.000Z,% Black or African American,8%
2020-11-04T05:00:00.000Z,% White,77%
2020-11-04T05:00:00.000Z,% Other or Unknown Race,11%
2020-11-04T05:00:00.000Z,% Hispanic or Latino (all races),7%
2020-11-04T05:00:00.000Z,"% High-risk congregate residents (nursing homes, correctional facilities, homeless shelters)",0%
2020-11-04T05:00:00.000Z,% 0 to 9 years,2.0%
2020-11-04T05:00:00.000Z,% 10 to 17 years,3%
2020-11-04T05:00:00.000Z,% 18 to 22 years,56%
2020-11-04T05:00:00.000Z,% 23 to 29 years,10%
2020-11-04T05:00:00.000Z,% 30 to 64 years,23%
2020-11-04T05:00:00.000Z,% Over 65 years,6%
2020-11-05T05:00:00.000Z,Number of cases,1010
2020-11-05T05:00:00.000Z,Weekly test positivity rate (from MI Safe Start),3.2%
2020-11-05T05:00:00.000Z,% hospitalized,2%
2020-11-05T05:00:00.000Z,Number of Deaths,3
2020-11-05T05:00:00.000Z,% Asian,4%
2020-11-05T05:00:00.000Z,% Black or African American,10%
2020-11-05T05:00:00.000Z,% White,75%
2020-11-05T05:00:00.000Z,% Other or Unknown Race,11%
2020-11-05T05:00:00.000Z,% Hispanic or Latino (all races),6%
2020-11-05T05:00:00.000Z,"% High-risk congregate residents (nursing homes, correctional facilities, homeless shelters)",0.5%
2020-11-05T05:00:00.000Z,% 0 to 9 years,2%
2020-11-05T05:00:00.000Z,% 10 to 17 years,4%
2020-11-05T05:00:00.000Z,% 18 to 22 years,41%
2020-11-05T05:00:00.000Z,% 23 to 29 years,14%
2020-11-05T05:00:00.000Z,% 30 to 64 years,33%
2020-11-05T05:00:00.000Z,% Over 65 years,7%
2020-11-06T05:00:00.000Z,Number of cases,1010
2020-11-06T05:00:00.000Z,Weekly test positivity rate (from MI Safe Start),3.2%
2020-11-06T05:00:00.000Z,% hospitalized,2%
2020-11-06T05:00:00.000Z,Number of Deaths,3
2020-11-06T05:00:00.000Z,% Asian,4%
2020-11-06T05:00:00.000Z,% Black or African American,10%
2020-11-06T05:00:00.000Z,% White,75%
2020-11-06T05:00:00.000Z,% Other or Unknown Race,11%
2020-11-06T05:00:00.000Z,% Hispanic or Latino (all races),6%
2020-11-06T05:00:00.000Z,"% High-risk congregate residents (nursing homes, correctional facilities, homeless shelters)",0.5%
2020-11-06T05:00:00.000Z,% 0 to 9 years,2%
2020-11-06T05:00:00.000Z,% 10 to 17 years,4%
2020-11-06T05:00:00.000Z,% 18 to 22 years,41%
2020-11-06T05:00:00.000Z,% 23 to 29 years,14%
2020-11-06T05:00:00.000Z,% 30 to 64 years,33%
2020-11-06T05:00:00.000Z,% Over 65 years,7%
2020-11-09T05:00:00.000Z,Number of cases,1010
2020-11-09T05:00:00.000Z,Weekly test positivity rate (from MI Safe Start),3.2%
2020-11-09T05:00:00.000Z,% hospitalized,2%
2020-11-09T05:00:00.000Z,Number of Deaths,3
2020-11-09T05:00:00.000Z,% Asian,4%
2020-11-09T05:00:00.000Z,% Black or African American,10%
2020-11-09T05:00:00.000Z,% White,75%
2020-11-09T05:00:00.000Z,% Other or Unknown Race,11%
2020-11-09T05:00:00.000Z,% Hispanic or Latino (all races),6%
2020-11-09T05:00:00.000Z,"% High-risk congregate residents (nursing homes, correctional facilities, homeless shelters)",0.5%
2020-11-09T05:00:00.000Z,% 0 to 9 years,2%
2020-11-09T05:00:00.000Z,% 10 to 17 years,4%
2020-11-09T05:00:00.000Z,% 18 to 22 years,41%
2020-11-09T05:00:00.000Z,% 23 to 29 years,14%
2020-11-09T05:00:00.000Z,% 30 to 64 years,33%
2020-11-09T05:00:00.000Z,% Over 65 years,7%
2020-11-10T05:00:00.000Z,Number of cases,1010
2020-11-10T05:00:00.000Z,Weekly test positivity rate (from MI Safe Start),3.2%
2020-11-10T05:00:00.000Z,% hospitalized,2%
2020-11-10T05:00:00.000Z,Number of Deaths,3
2020-11-10T05:00:00.000Z,% Asian,4%
2020-11-10T05:00:00.000Z,% Black or African American,10%
2020-11-10T05:00:00.000Z,% White,75%
2020-11-10T05:00:00.000Z,% Other or Unknown Race,11%
2020-11-10T05:00:00.000Z,% Hispanic or Latino (all races),6%
2020-11-10T05:00:00.000Z,"% High-risk congregate residents (nursing homes, correctional facilities, homeless shelters)",0.5%
2020-11-10T05:00:00.000Z,% 0 to 9 years,2%
2020-11-10T05:00:00.000Z,% 10 to 17 years,4%
2020-11-10T05:00:00.000Z,% 18 to 22 years,41%
2020-11-10T05:00:00.000Z,% 23 to 29 years,14%
2020-11-10T05:00:00.000Z,% 30 to 64 years,33%
2020-11-10T05:00:00.000Z,% Over 65 years,7%
2020-11-11T05:00:00.000Z,Number of cases,1010
2020-11-11T05:00:00.000Z,Weekly test positivity rate (from MI Safe Start),3.2%
2020-11-11T05:00:00.000Z,% hospitalized,2%
2020-11-11T05:00:00.000Z,Number of Deaths,3
2020-11-11T05:00:00.000Z,% Asian,4%
2020-11-11T05:00:00.000Z,% Black or African American,10%
2020-11-11T05:00:00.000Z,% White,75%
2020-11-11T05:00:00.000Z,% Other or Unknown Race,11%
2020-11-11T05:00:00.000Z,% Hispanic or Latino (all races),6%
2020-11-11T05:00:00.000Z,"% High-risk congregate residents (nursing homes, correctional facilities, homeless shelters)",0.5%
2020-11-11T05:00:00.000Z,% 0 to 9 years,2%
2020-11-11T05:00:00.000Z,% 10 to 17 years,4%
2020-11-11T05:00:00.000Z,% 18 to 22 years,41%
2020-11-11T05:00:00.000Z,% 23 to 29 years,14%
2020-11-11T05:00:00.000Z,% 30 to 64 years,33%
2020-11-11T05:00:00.000Z,% Over 65 years,7%
2020-11-12T05:00:00.000Z,Number of cases,1237
2020-11-12T05:00:00.000Z,Weekly test positivity rate (from MI Safe Start),4.9%
2020-11-12T05:00:00.000Z,% hospitalized,3%
2020-11-12T05:00:00.000Z,Number of Deaths,3
2020-11-12T05:00:00.000Z,% Asian,5%
2020-11-12T05:00:00.000Z,% Black or African American,11%
2020-11-12T05:00:00.000Z,% White,68%
2020-11-12T05:00:00.000Z,% Other or Unknown Race,16%
2020-11-12T05:00:00.000Z,% Hispanic or Latino (all races),6%
2020-11-12T05:00:00.000Z,"% High-risk congregate residents (nursing homes, correctional facilities, homeless shelters)",2%
2020-11-12T05:00:00.000Z,% 0 to 9 years,2%
2020-11-12T05:00:00.000Z,% 10 to 17 years,4%
2020-11-12T05:00:00.000Z,% 18 to 22 years,28%
2020-11-12T05:00:00.000Z,% 23 to 29 years,18%
2020-11-12T05:00:00.000Z,% 30 to 64 years,39%
2020-11-12T05:00:00.000Z,% Over 65 years,9%
2020-11-13T05:00:00.000Z,Number of cases,1237
2020-11-13T05:00:00.000Z,Weekly test positivity rate (from MI Safe Start),4.9%
2020-11-13T05:00:00.000Z,% hospitalized,3%
2020-11-13T05:00:00.000Z,Number of Deaths,3
2020-11-13T05:00:00.000Z,% Asian,5%
2020-11-13T05:00:00.000Z,% Black or African American,11%
2020-11-13T05:00:00.000Z,% White,68%
2020-11-13T05:00:00.000Z,% Other or Unknown Race,16%
2020-11-13T05:00:00.000Z,% Hispanic or Latino (all races),6%
2020-11-13T05:00:00.000Z,"% High-risk congregate residents (nursing homes, correctional facilities, homeless shelters)",2%
2020-11-13T05:00:00.000Z,% 0 to 9 years,2%
2020-11-13T05:00:00.000Z,% 10 to 17 years,4%
2020-11-13T05:00:00.000Z,% 18 to 22 years,28%
2020-11-13T05:00:00.000Z,% 23 to 29 years,18%
2020-11-13T05:00:00.000Z,% 30 to 64 years,39%
2020-11-13T05:00:00.000Z,% Over 65 years,9%
2020-11-16T05:00:00.000Z,Number of cases,1237
2020-11-16T05:00:00.000Z,Weekly test positivity rate (from MI Safe Start),4.9%
2020-11-16T05:00:00.000Z,% hospitalized,3%
2020-11-16T05:00:00.000Z,Number of Deaths,3
2020-11-16T05:00:00.000Z,% Asian,5%
2020-11-16T05:00:00.000Z,% Black or African American,11%
2020-11-16T05:00:00.000Z,% White,68%
2020-11-16T05:00:00.000Z,% Other or Unknown Race,16%
2020-11-16T05:00:00.000Z,% Hispanic or Latino (all races),6%
2020-11-16T05:00:00.000Z,"% High-risk congregate residents (nursing homes, correctional facilities, homeless shelters)",2%
2020-11-16T05:00:00.000Z,% 0 to 9 years,2%
2020-11-16T05:00:00.000Z,% 10 to 17 years,4%
2020-11-16T05:00:00.000Z,% 18 to 22 years,28%
2020-11-16T05:00:00.000Z,% 23 to 29 years,18%
2020-11-16T05:00:00.000Z,% 30 to 64 years,39%
2020-11-16T05:00:00.000Z,% Over 65 years,9%
2020-11-17T05:00:00.000Z,Number of cases,1237
2020-11-17T05:00:00.000Z,Weekly test positivity rate (from MI Safe Start),4.9%
2020-11-17T05:00:00.000Z,% hospitalized,3%
2020-11-17T05:00:00.000Z,Number of Deaths,3
2020-11-17T05:00:00.000Z,% Asian,5%
2020-11-17T05:00:00.000Z,% Black or African American,11%
2020-11-17T05:00:00.000Z,% White,68%
2020-11-17T05:00:00.000Z,% Other or Unknown Race,16%
2020-11-17T05:00:00.000Z,% Hispanic or Latino (all races),6%
2020-11-17T05:00:00.000Z,"% High-risk congregate residents (nursing homes, correctional facilities, homeless shelters)",2%
2020-11-17T05:00:00.000Z,% 0 to 9 years,2%
2020-11-17T05:00:00.000Z,% 10 to 17 years,4%
2020-11-17T05:00:00.000Z,% 18 to 22 years,28%
2020-11-17T05:00:00.000Z,% 23 to 29 years,18%
2020-11-17T05:00:00.000Z,% 30 to 64 years,39%
2020-11-17T05:00:00.000Z,% Over 65 years,9%
2020-11-18T05:00:00.000Z,Number of cases,1237
2020-11-18T05:00:00.000Z,Weekly test positivity rate (from MI Safe Start),4.9%
2020-11-18T05:00:00.000Z,% hospitalized,3%
2020-11-18T05:00:00.000Z,Number of Deaths,3
2020-11-18T05:00:00.000Z,% Asian,5%
2020-11-18T05:00:00.000Z,% Black or African American,11%
2020-11-18T05:00:00.000Z,% White,68%
2020-11-18T05:00:00.000Z,% Other or Unknown Race,16%
2020-11-18T05:00:00.000Z,% Hispanic or Latino (all races),6%
2020-11-18T05:00:00.000Z,"% High-risk congregate residents (nursing homes, correctional facilities, homeless shelters)",2%
2020-11-18T05:00:00.000Z,% 0 to 9 years,2%
2020-11-18T05:00:00.000Z,% 10 to 17 years,4%
2020-11-18T05:00:00.000Z,% 18 to 22 years,28%
2020-11-18T05:00:00.000Z,% 23 to 29 years,18%
2020-11-18T05:00:00.000Z,% 30 to 64 years,39%
2020-11-18T05:00:00.000Z,% Over 65 years,9%
2020-11-19T05:00:00.000Z,Number of cases,1823
2020-11-19T05:00:00.000Z,Weekly test positivity rate (from MI Safe Start),7.2%
2020-11-19T05:00:00.000Z,% hospitalized,4%
2020-11-19T05:00:00.000Z,Number of Deaths,6
2020-11-19T05:00:00.000Z,% Asian,6%
2020-11-19T05:00:00.000Z,% Black or African American,10%
2020-11-19T05:00:00.000Z,% White,64%
2020-11-19T05:00:00.000Z,% Other or Unknown Race,20%
2020-11-19T05:00:00.000Z,% Hispanic or Latino (all races),6%
2020-11-19T05:00:00.000Z,"% High-risk congregate residents (nursing homes, correctional facilities, homeless shelters)",2%
2020-11-19T05:00:00.000Z,% 0 to 9 years,3%
2020-11-19T05:00:00.000Z,% 10 to 17 years,4%
2020-11-19T05:00:00.000Z,% 18 to 22 years,24%
2020-11-19T05:00:00.000Z,% 23 to 29 years,18%
2020-11-19T05:00:00.000Z,% 30 to 64 years,42%
2020-11-19T05:00:00.000Z,% Over 65 years,9%
2020-11-20T05:00:00.000Z,Number of cases,1823
2020-11-20T05:00:00.000Z,Weekly test positivity rate (from MI Safe Start),7.2%
2020-11-20T05:00:00.000Z,% hospitalized,4%
2020-11-20T05:00:00.000Z,Number of Deaths,6
2020-11-20T05:00:00.000Z,% Asian,6%
2020-11-20T05:00:00.000Z,% Black or African American,10%
2020-11-20T05:00:00.000Z,% White,64%
2020-11-20T05:00:00.000Z,% Other or Unknown Race,20%
2020-11-20T05:00:00.000Z,% Hispanic or Latino (all races),6%
2020-11-20T05:00:00.000Z,"% High-risk congregate residents (nursing homes, correctional facilities, homeless shelters)",2%
2020-11-20T05:00:00.000Z,% 0 to 9 years,3%
2020-11-20T05:00:00.000Z,% 10 to 17 years,4%
2020-11-20T05:00:00.000Z,% 18 to 22 years,24%
2020-11-20T05:00:00.000Z,% 23 to 29 years,18%
2020-11-20T05:00:00.000Z,% 30 to 64 years,42%
2020-11-20T05:00:00.000Z,% Over 65 years,9%
2020-11-23T05:00:00.000Z,Number of cases,1823
2020-11-23T05:00:00.000Z,Weekly test positivity rate (from MI Safe Start),7.2%
2020-11-23T05:00:00.000Z,% hospitalized,4%
2020-11-23T05:00:00.000Z,Number of Deaths,6
2020-11-23T05:00:00.000Z,% Asian,6%
2020-11-23T05:00:00.000Z,% Black or African American,10%
2020-11-23T05:00:00.000Z,% White,64%
2020-11-23T05:00:00.000Z,% Other or Unknown Race,20%
2020-11-23T05:00:00.000Z,% Hispanic or Latino (all races),6%
2020-11-23T05:00:00.000Z,"% High-risk congregate residents (nursing homes, correctional facilities, homeless shelters)",2%
2020-11-23T05:00:00.000Z,% 0 to 9 years,3%
2020-11-23T05:00:00.000Z,% 10 to 17 years,4%
2020-11-23T05:00:00.000Z,% 18 to 22 years,24%
2020-11-23T05:00:00.000Z,% 23 to 29 years,18%
2020-11-23T05:00:00.000Z,% 30 to 64 years,42%
2020-11-23T05:00:00.000Z,% Over 65 years,9%
2020-11-24T05:00:00.000Z,Number of cases,1823
2020-11-24T05:00:00.000Z,Weekly test positivity rate (from MI Safe Start),7.2%
2020-11-24T05:00:00.000Z,% hospitalized,4%
2020-11-24T05:00:00.000Z,Number of Deaths,6
2020-11-24T05:00:00.000Z,% Asian,6%
2020-11-24T05:00:00.000Z,% Black or African American,10%
2020-11-24T05:00:00.000Z,% White,64%
2020-11-24T05:00:00.000Z,% Other or Unknown Race,20%
2020-11-24T05:00:00.000Z,% Hispanic or Latino (all races),6%
2020-11-24T05:00:00.000Z,"% High-risk congregate residents (nursing homes, correctional facilities, homeless shelters)",2%
2020-11-24T05:00:00.000Z,% 0 to 9 years,3%
2020-11-24T05:00:00.000Z,% 10 to 17 years,4%
2020-11-24T05:00:00.000Z,% 18 to 22 years,24%
2020-11-24T05:00:00.000Z,% 23 to 29 years,18%
2020-11-24T05:00:00.000Z,% 30 to 64 years,42%
2020-11-24T05:00:00.000Z,% Over 65 years,9%
